ID,_wp_page_template,_wds_meta-robots-adv,lucida-layout-option,lucida-header-image,lucida-featured-image,_fvp_video,_elementor_edit_mode,_aps_post_views_count,_hide_featured,wdsi_message_id,wdsi_do_not_show,_oembed,_oembed_time,_oembed,_oembed_time,_oembed,_oembed_time,_oembed,_oembed_time,_oembed,_oembed_time,_oembed,_oembed_time,_oembed,_oembed_time,_oembed,_oembed_time,_oembed,_oembed_time,_oembed,_oembed_time,_oembed,_oembed_time,_oembed,_oembed_time,_oembed,_oembed_time,_oembed,_oembed_time,_oembed,_oembed_time,_oembed,_oembed_time,_oembed,_oembed_time,_oembed,_oembed_time,_oembed,_oembed_time,_oembed,_oembed_time,_oembed,_oembed_time,_oembed,_oembed_time,_oembed,_oembed_time,_oembed,_oembed_time,_oembed,_oembed_time,_oembed,_oembed_time,_oembed,_oembed_time,_oembed,_oembed_time,_oembed,_oembed_time,_oembed,_oembed_time,_oembed,_oembed_time,_oembed,_oembed_time,_oembed,_oembed_time,_oembed,_oembed_time,_oembed,_oembed_time,_oembed,_oembed_time,_oembed,_oembed_time,_oembed,_oembed_time,_oembed,_oembed_time,_oembed,_oembed_time,_oembed,_oembed_time,_oembed,_oembed_time,_oembed,_oembed_time,_oembed,_oembed_time,_oembed,_oembed_time,_oembed,_oembed_time,_oembed,_oembed_time,_oembed,_oembed_time,_oembed,_oembed_time,_oembed,_oembed_time,_oembed,_oembed_time,_oembed,_oembed_time,_oembed,_oembed_time,_oembed,_oembed_time,_oembed,_oembed_time,_oembed,_oembed_time,_oembed,_oembed_time,_oembed,_oembed_time,_oembed,_oembed_time,_oembed,_oembed_time,_oembed,_oembed_time,_oembed,_oembed_time,_oembed,_oembed_time,_oembed,_oembed_time,_oembed,_oembed_time,_is_featured,_oembed,_oembed_time,_links_to,mcc_copied,_oembed,_oembed_time,_oembed,_oembed_time,_oembed,_oembed_time,_oembed,_oembed_time,_oembed,_oembed_time,_oembed,_oembed_time,_oembed,_oembed_time,_oembed,_oembed_time,_oembed,_oembed_time,_oembed,_oembed_time,_oembed,_oembed_time,_oembed,_oembed_time,_oembed,_oembed_time,_oembed,_oembed_time,_oembed,_oembed_time,_oembed,_oembed_time,_oembed,_oembed_time,_oembed,_oembed_time,_oembed,_oembed_time,_oembed,_oembed_time,_oembed,_oembed_time,_oembed,_oembed_time,_oembed,_oembed_time,_oembed,_oembed_time,_oembed,_oembed_time,_oembed,_oembed_time,_oembed,_oembed_time,_oembed,_oembed_time,_oembed,_oembed_time,_oembed,_oembed_time,_oembed,_oembed_time,_oembed,_oembed_time,_oembed,_oembed_time,_oembed,_oembed_time,_oembed,_oembed_time,_oembed,_oembed_time,_oembed,_oembed_time,_oembed,_oembed_time,_oembed,_oembed_time,_oembed,_oembed_time,_oembed,_oembed_time,_oembed,_oembed_time,_oembed,_oembed_time,_oembed,_oembed_time,_oembed,_oembed_time,_oembed,_oembed_time,_oembed,_oembed_time,_oembed,_oembed_time,_oembed,_oembed_time,_oembed,_oembed_time,_oembed,_oembed_time,_oembed,_oembed_time,_oembed,_oembed_time,_oembed,_oembed_time,_oembed,_oembed_time,_oembed,_oembed_time,_oembed,_oembed_time,_oembed,_oembed_time,_oembed,_oembed_time,_oembed,_oembed_time,_oembed,_oembed_time,_oembed,_oembed_time,_oembed,_oembed_time,_oembed,_oembed_time,_oembed,_oembed_time,_oembed,_oembed_time,_oembed,_oembed_time,_oembed,_oembed_time,_oembed,_oembed_time,_oembed,_oembed_time,_oembed,_oembed_time,_oembed,_oembed_time,_oembed,_oembed_time,_oembed,_oembed_time,_oembed,_oembed_time,_oembed,_oembed_time,_oembed,_oembed_time,_oembed,_oembed_time,_oembed,_oembed_time,_oembed,_oembed_time,_oembed,_oembed_time,_oembed,_oembed_time,_oembed,_oembed_time,_oembed,_oembed_time,_oembed,_oembed_time,_oembed,_oembed_time,_oembed,_oembed_time,_oembed,_oembed_time,_oembed,_oembed_time,_oembed,_oembed_time,_oembed,_oembed_time,_oembed,_oembed_time,_oembed,_oembed_time,_oembed,_oembed_time,_oembed,_oembed_time,_oembed,_oembed_time,_oembed,_oembed_time,_oembed,_oembed_time,_oembed,_oembed_time,_oembed,_oembed_time,_oembed,_oembed_time,_oembed,_oembed_time,_oembed,_oembed_time,_oembed,_oembed_time,_oembed,_oembed_time,_oembed,_oembed_time,_oembed,_oembed_time,_oembed,_oembed_time,_oembed,_oembed_time,_oembed,_oembed_time,_oembed,_oembed_time,_oembed,_oembed_time,_oembed,_oembed_time,_oembed,_oembed_time,_oembed,_oembed_time,_oembed,_oembed_time,_oembed,_oembed_time,_oembed,_oembed_time,_oembed,_oembed_time,_oembed,_oembed_time,_oembed,_oembed_time,_oembed,_oembed_time,_oembed,_oembed_time,_oembed,_oembed_time,_oembed,_oembed_time,_oembed,_oembed_time,_oembed,_oembed_time,_oembed,_oembed_time,_oembed,_oembed_time,_oembed,_oembed_time,_oembed,_oembed_time,_oembed,_oembed_time
19,default,,,,,,,4,,,,,,,,,,,,,,,,,,,,,,,,,,,,,,,,,,,,,,,,,,,,,,,,,,,,,,,,,,,,,,,,,,,,,,,,,,,,,,,,,,,,,,,,,,,,,,,,,,,,,,,,,,,,,,,,,,,,,,,,,,,,,,,,,,,,,,,,,,,,,,,,,,,,,,,,,,,,,,,,,,,,,,,,,,,,,,,,,,,,,,,,,,,,,,,,,,,,,,,,,,,,,,,,,,,,,,,,,,,,,,,,,,,,,,,,,,,,,,,,,,,,,,,,,,,,,,,,,,,,,,,,,,,,,,,,,,,,,,,,,,,,,,,,,,,,,,,,,,,,,,,,,,,,,,,,,,,,,,,,,,,,,,,,,,,,,,,,,,,,,,,,,,,,,,,,,,,,,,,,,,,,,,,,,,,,,,,,,,,,,,,,,,,,,,,,,,,,,,,,,,
24,default,",,,",default,default,default,,,20,,,,,,,,,,,,,,,,,,,,,,,,,,,,,,,,,,,,,,,,,,,,,,,,,,,,,,,,,,,,,,,,,,,,,,,,,,,,,,,,,,,,,,,,,,,,,,,,,,,,,,,,,,,,,,,,,,,,,,,,,,,,,,,,,,,,,,,,,,,,,,,,,,,,,,,,,,,,,,,,,,,,,,,,,,,,,,,,,,,,,,,,,,,,,,,,,,,,,,,,,,,,,,,,,,,,,,,,,,,,,,,,,,,,,,,,,,,,,,,,,,,,,,,,,,,,,,,,,,,,,,,,,,,,,,,,,,,,,,,,,,,,,,,,,,,,,,,,,,,,,,,,,,,,,,,,,,,,,,,,,,,,,,,,,,,,,,,,,,,,,,,,,,,,,,,,,,,,,,,,,,,,,,,,,,,,,,,,,,,,,,,,,,,,,,,,,,,,,,,,,,
28,default,,,,,,,4,,,,,,,,,,,,,,,,,,,,,,,,,,,,,,,,,,,,,,,,,,,,,,,,,,,,,,,,,,,,,,,,,,,,,,,,,,,,,,,,,,,,,,,,,,,,,,,,,,,,,,,,,,,,,,,,,,,,,,,,,,,,,,,,,,,,,,,,,,,,,,,,,,,,,,,,,,,,,,,,,,,,,,,,,,,,,,,,,,,,,,,,,,,,,,,,,,,,,,,,,,,,,,,,,,,,,,,,,,,,,,,,,,,,,,,,,,,,,,,,,,,,,,,,,,,,,,,,,,,,,,,,,,,,,,,,,,,,,,,,,,,,,,,,,,,,,,,,,,,,,,,,,,,,,,,,,,,,,,,,,,,,,,,,,,,,,,,,,,,,,,,,,,,,,,,,,,,,,,,,,,,,,,,,,,,,,,,,,,,,,,,,,,,,,,,,,,,,,,,,,,
32,default,",,,",default,default,default,,,12,,,,,,,,,,,,,,,,,,,,,,,,,,,,,,,,,,,,,,,,,,,,,,,,,,,,,,,,,,,,,,,,,,,,,,,,,,,,,,,,,,,,,,,,,,,,,,,,,,,,,,,,,,,,,,,,,,,,,,,,,,,,,,,,,,,,,,,,,,,,,,,,,,,,,,,,,,,,,,,,,,,,,,,,,,,,,,,,,,,,,,,,,,,,,,,,,,,,,,,,,,,,,,,,,,,,,,,,,,,,,,,,,,,,,,,,,,,,,,,,,,,,,,,,,,,,,,,,,,,,,,,,,,,,,,,,,,,,,,,,,,,,,,,,,,,,,,,,,,,,,,,,,,,,,,,,,,,,,,,,,,,,,,,,,,,,,,,,,,,,,,,,,,,,,,,,,,,,,,,,,,,,,,,,,,,,,,,,,,,,,,,,,,,,,,,,,,,,,,,,,,
44,default,",,,",default,disable,default,"a:12:{s:5:""valid"";b:1;s:3:""img"";i:453;s:2:""id"";N;s:8:""provider"";s:7:""youtube"";s:5:""title"";s:68:""Cannabis Oil Treatments Are Helping Children With Seizures | NowThis"";s:6:""author"";s:12:""NowThis News"";s:11:""description"";N;s:7:""img_url"";s:48:""https://i.ytimg.com/vi/LSfMDUKfylo/hqdefault.jpg"";s:8:""filename"";s:68:""Cannabis Oil Treatments Are Helping Children With Seizures | NowThis"";s:4:""full"";s:28:""https://youtu.be/LSfMDUKfylo"";s:10:""parameters"";a:0:{}s:5:""noimg"";b:0;}",,4,,,,,,,,,,,,,,,,,,,,,,,,,,,,,,,,,,,,,,,,,,,,,,,,,,,,,,,,,,,,,,,,,,,,,,,,,,,,,,,,,,,,,,,,,,,,,,,,,,,,,,,,,,,,,,,,,,,,,,,,,,,,,,,,,,,,,,,,,,,,,,,,,,,,,,,,,,,,,,,,,,,,,,,,,,,,,,,,,,,,,,,,,,,,,,,,,,,,,,,,,,,,,,,,,,,,,,,,,,,,,,,,,,,,,,,,,,,,,,,,,,,,,,,,,,,,,,,,,,,,,,,,,,,,,,,,,,,,,,,,,,,,,,,,,,,,,,,,,,,,,,,,,,,,,,,,,,,,,,,,,,,,,,,,,,,,,,,,,,,,,,,,,,,,,,,,,,,,,,,,,,,,,,,,,,,,,,,,,,,,,,,,,,,,,,,,,,,,,,,,,,
52,default,,default,default,default,,,4,,,,,,,,,,,,,,,,,,,,,,,,,,,,,,,,,,,,,,,,,,,,,,,,,,,,,,,,,,,,,,,,,,,,,,,,,,,,,,,,,,,,,,,,,,,,,,,,,,,,,,,,,,,,,,,,,,,,,,,,,,"<iframe width=""1088"" height=""612"" src=""https://www.youtube.com/embed/LmlpoX5EGU0?feature=oembed"" frameborder=""0"" allowfullscreen></iframe>",1500831042,"<iframe width=""620"" height=""349"" src=""https://www.youtube.com/embed/LmlpoX5EGU0?feature=oembed"" frameborder=""0"" allowfullscreen></iframe>",1501035334,"<iframe width=""880"" height=""495"" src=""https://www.youtube.com/embed/LmlpoX5EGU0?feature=oembed"" frameborder=""0"" allowfullscreen></iframe>",1501035573,,,,,,,,,,,,,,,,,,,,,,,,,,,,,,,,,,,,,,,,,,,,,,,,,,,,,,,,,,,,,,,,,,,,,,,,,,,,,,,,,,,,,,,,,,,,,,,,,,,,,,,,,,,,,,,,,,,,,,,,,,,,,,,,,,,,,,,,,,,,,,,,,,,,,,,,,,,,,,,,,,,,,,,,,,,,,,,,,,,,,,,,,,,,,,,,,,,,,,,,,,,,,,,,,,,,,,,,,,,,,,,,,,,,,,,,,,,,,,,,,,,,,,,,,,,,,,,,,,,,,,,,,,,,,,,,,,,
55,default,",,,",default,disable,default,"a:12:{s:5:""valid"";b:1;s:3:""img"";N;s:2:""id"";N;s:8:""provider"";s:7:""youtube"";s:5:""title"";s:42:""How CBD Oil Helped David Wells Manage Pain"";s:6:""author"";s:11:""ThePostGame"";s:11:""description"";N;s:7:""img_url"";s:48:""https://i.ytimg.com/vi/7Hmr1_bfBhc/hqdefault.jpg"";s:8:""filename"";s:42:""How CBD Oil Helped David Wells Manage Pain"";s:4:""full"";s:28:""https://youtu.be/7Hmr1_bfBhc"";s:10:""parameters"";a:0:{}s:5:""noimg"";b:1;}",,3,,,,"<iframe width=""1088"" height=""612"" src=""https://www.youtube.com/embed/7Hmr1_bfBhc?feature=oembed"" frameborder=""0"" allowfullscreen></iframe>",1500831117,"<iframe width=""620"" height=""349"" src=""https://www.youtube.com/embed/7Hmr1_bfBhc?feature=oembed"" frameborder=""0"" allowfullscreen></iframe>",1501035337,"<iframe width=""880"" height=""495"" src=""https://www.youtube.com/embed/7Hmr1_bfBhc?feature=oembed"" frameborder=""0"" allowfullscreen></iframe>",1501035575,,,,,,,,,,,,,,,,,,,,,,,,,,,,,,,,,,,,,,,,,,,,,,,,,,,,,,,,,,,,,,,,,,,,,,,,,,,,,,,,,,,,,,,,,,,,,,,,,,,,,,,,,,,,,,,,,,,,,,,,,,,,,,,,,,,,,,,,,,,,,,,,,,,,,,,,,,,,,,,,,,,,,,,,,,,,,,,,,,,,,,,,,,,,,,,,,,,,,,,,,,,,,,,,,,,,,,,,,,,,,,,,,,,,,,,,,,,,,,,,,,,,,,,,,,,,,,,,,,,,,,,,,,,,,,,,,,,,,,,,,,,,,,,,,,,,,,,,,,,,,,,,,,,,,,,,,,,,,,,,,,,,,,,,,,,,,,,,,,,,,,,,,,,,,,,,,,,,,,,,,,,,,,,,,,,,,,,,,,,,,,,,,,,,,,,,,
58,default,",,,",default,default,default,"a:12:{s:5:""valid"";b:1;s:3:""img"";i:385;s:2:""id"";N;s:8:""provider"";s:7:""youtube"";s:5:""title"";s:50:""'Medical Marijuana Helps My Son With Rare Disease'"";s:6:""author"";s:18:""FOX 11 Los Angeles"";s:11:""description"";N;s:7:""img_url"";s:48:""https://i.ytimg.com/vi/fOa_2Bc-lfY/hqdefault.jpg"";s:8:""filename"";s:50:""'Medical Marijuana Helps My Son With Rare Disease'"";s:4:""full"";s:28:""https://youtu.be/fOa_2Bc-lfY"";s:10:""parameters"";a:0:{}s:5:""noimg"";b:0;}",,5,,,,,,,,,,"<iframe width=""1088"" height=""612"" src=""https://www.youtube.com/embed/fOa_2Bc-lfY?feature=oembed"" frameborder=""0"" allowfullscreen></iframe>",1500831182,"<iframe width=""620"" height=""349"" src=""https://www.youtube.com/embed/fOa_2Bc-lfY?feature=oembed"" frameborder=""0"" allowfullscreen></iframe>",1501189384,"<iframe width=""880"" height=""495"" src=""https://www.youtube.com/embed/fOa_2Bc-lfY?feature=oembed"" frameborder=""0"" allowfullscreen></iframe>",1501035575,"<iframe width=""840"" height=""473"" src=""https://www.youtube.com/embed/fOa_2Bc-lfY?feature=oembed"" frameborder=""0"" allowfullscreen></iframe>",1502402171,,,,,,,,,,,,,,,,,,,,,,,,,,,,,,,,,,,,,,,,,,,,,,,,,,,,,,,,,,,,,,,,,,,,,,,,,,,,,,,,,,,,,,,,,,,,,,,,,,,,,,,,,,,,,,,,,,,,,,,,,,,,,,,,,,,,,,,,,,,,,,,,,,,,,,,,,,,,,,,,,,,,,,,,,,,,,,,,,,,,,,,,,,,,,,,,,,,,,,,,,,,,,,,,,,,,,,,,,,,,,,,,,,,,,,,,,,,,,,,,,,,,,,,,,,,,,,,,,,,,,,,,,,,,,,,,,,,,,,,,,,,,,,,,,,,,,,,,,,,,,,,,,,,,,,,,,,,,,,,,,,,,,,,,,,,,,,,,,,,,,,,,,,,,,,,,,,,,,,,,,,,,,,,,,,,,,,,,,,,,,,,,,
63,default,",,,",default,default,default,"a:12:{s:5:""valid"";b:1;s:3:""img"";i:64;s:2:""id"";N;s:8:""provider"";s:7:""youtube"";s:5:""title"";s:95:""Jeremy Kigar treats his Brain Tumor with cannabis oil- 2013 (SEE MORE at CureYourOwnCancer.org)"";s:6:""author"";s:15:""Lincoln Horsley"";s:11:""description"";N;s:7:""img_url"";s:48:""https://i.ytimg.com/vi/J1jYHhbpyVs/hqdefault.jpg"";s:8:""filename"";s:95:""Jeremy Kigar treats his Brain Tumor with cannabis oil- 2013 (SEE MORE at CureYourOwnCancer.org)"";s:4:""full"";s:28:""https://youtu.be/J1jYHhbpyVs"";s:10:""parameters"";a:0:{}s:5:""noimg"";b:0;}",,3,,,,,,,,,,,,,,,,,,"<iframe width=""1088"" height=""612"" src=""https://www.youtube.com/embed/J1jYHhbpyVs?feature=oembed"" frameborder=""0"" allowfullscreen></iframe>",1500831270,"<iframe width=""620"" height=""349"" src=""https://www.youtube.com/embed/J1jYHhbpyVs?feature=oembed"" frameborder=""0"" allowfullscreen></iframe>",1501035336,"<iframe width=""880"" height=""495"" src=""https://www.youtube.com/embed/J1jYHhbpyVs?feature=oembed"" frameborder=""0"" allowfullscreen></iframe>",1501035575,,,,,,,,,,,,,,,,,,,,,,,,,,,,,,,,,,,,,,,,,,,,,,,,,,,,,,,,,,,,,,,,,,,,,,,,,,,,,,,,,,,,,,,,,,,,,,,,,,,,,,,,,,,,,,,,,,,,,,,,,,,,,,,,,,,,,,,,,,,,,,,,,,,,,,,,,,,,,,,,,,,,,,,,,,,,,,,,,,,,,,,,,,,,,,,,,,,,,,,,,,,,,,,,,,,,,,,,,,,,,,,,,,,,,,,,,,,,,,,,,,,,,,,,,,,,,,,,,,,,,,,,,,,,,,,,,,,,,,,,,,,,,,,,,,,,,,,,,,,,,,,,,,,,,,,,,,,,,,,,,,,,,,,,,,,,,,,,,,,,,,,,,,,,,,,,,,,,,,,,,,,,,,,,,,,,,,,,,,,
66,default,",,,",default,default,default,,,4,,,,,,,,,,,,,,,,,,,,,,,,,,,,,,,,,,,,,,,,,,,,,,,,,,,,,,,,,,,,,,,,,,,,,,,,,,,,,,,,,,,,,,,,,,,,,,,,,,,,,,,,,,,,,,,,,,,,,,,,,,,,,,,,"<iframe width=""1088"" height=""816"" src=""https://www.youtube.com/embed/e-YMUfJimmM?feature=oembed"" frameborder=""0"" allowfullscreen></iframe>",1500831344,"<iframe width=""620"" height=""465"" src=""https://www.youtube.com/embed/e-YMUfJimmM?feature=oembed"" frameborder=""0"" allowfullscreen></iframe>",1501035334,"<iframe width=""880"" height=""660"" src=""https://www.youtube.com/embed/e-YMUfJimmM?feature=oembed"" frameborder=""0"" allowfullscreen></iframe>",1501035573,yes,,,,,,,,,,,,,,,,,,,,,,,,,,,,,,,,,,,,,,,,,,,,,,,,,,,,,,,,,,,,,,,,,,,,,,,,,,,,,,,,,,,,,,,,,,,,,,,,,,,,,,,,,,,,,,,,,,,,,,,,,,,,,,,,,,,,,,,,,,,,,,,,,,,,,,,,,,,,,,,,,,,,,,,,,,,,,,,,,,,,,,,,,,,,,,,,,,,,,,,,,,,,,,,,,,,,,,,,,,,,,,,,,,,,,,,,,,,,,,,,,,,,,,,,,,,,,,,,,,,,,,,,,,,,
69,default,",,,",default,default,default,"a:12:{s:5:""valid"";b:1;s:3:""img"";i:70;s:2:""id"";N;s:8:""provider"";s:7:""youtube"";s:5:""title"";s:57:""Cannabis Oil Cures Cancer: Boy(3) Who Had 2 Days To Live!"";s:6:""author"";s:12:""Lions Ground"";s:11:""description"";N;s:7:""img_url"";s:48:""https://i.ytimg.com/vi/5Mh9XESuO0U/hqdefault.jpg"";s:8:""filename"";s:57:""Cannabis Oil Cures Cancer: Boy(3) Who Had 2 Days To Live!"";s:4:""full"";s:28:""https://youtu.be/5Mh9XESuO0U"";s:10:""parameters"";a:0:{}s:5:""noimg"";b:0;}",,4,,,,,,,,,,,,,,,,,,,,,,,,"<iframe width=""1088"" height=""612"" src=""https://www.youtube.com/embed/5Mh9XESuO0U?feature=oembed"" frameborder=""0"" allowfullscreen></iframe>",1500831473,"<iframe width=""620"" height=""349"" src=""https://www.youtube.com/embed/5Mh9XESuO0U?feature=oembed"" frameborder=""0"" allowfullscreen></iframe>",1501035546,"<iframe width=""880"" height=""495"" src=""https://www.youtube.com/embed/5Mh9XESuO0U?feature=oembed"" frameborder=""0"" allowfullscreen></iframe>",1501035575,,,,,,,,,,,,,,,,,,,,,,,,,,,,,,,,,,,,,,,,,,,,,,,,,,,,,,,,,,,,,,,,,,,,,,,,,,,,,,,,,,,,,,,,,,,,,,,,,,,,,,,,,,,,,,,,,,,,,,,,,,,,,,,,,,,,,,,,,,,,,,,,,,,,,,,,,,,,,,,,,,,,,,,,,,,,,,,,,,,,,,,,,,,,,,,,,,,,,,,,,,,,,,,,,,,,,,,,,,,,,,,,,,,,,,,,,,,,,,,,,,,,,,,,,,,,,,,,,,,,,,,,,,,,,,,,,,,,,,,,,,,,,,,,,,,,,,,,,,,,,,,,,,,,,,,,,,,,,,,,,,,,,,,,,,,,,,,,,,,,,,,,,,,,,,,,,,,,,,,,,,,,,,,,,,,,,
72,default,",,,",default,default,default,"a:12:{s:5:""valid"";b:1;s:3:""img"";i:73;s:2:""id"";N;s:8:""provider"";s:7:""youtube"";s:5:""title"";s:97:""""We have to be the guinea pigs."" Sophie's Story (Cannabis for Kids, Part 2) | National Geographic"";s:6:""author"";s:19:""National Geographic"";s:11:""description"";N;s:7:""img_url"";s:48:""https://i.ytimg.com/vi/u9yJGUI0e18/hqdefault.jpg"";s:8:""filename"";s:97:""""We have to be the guinea pigs."" Sophie's Story (Cannabis for Kids, Part 2) | National Geographic"";s:4:""full"";s:28:""https://youtu.be/u9yJGUI0e18"";s:10:""parameters"";a:0:{}s:5:""noimg"";b:0;}",,5,,,,,,,,,,,,,,,,,,,,,,,,,,,,,,"<iframe width=""1088"" height=""612"" src=""https://www.youtube.com/embed/u9yJGUI0e18?feature=oembed"" frameborder=""0"" allowfullscreen></iframe>",1500831546,"<iframe width=""620"" height=""349"" src=""https://www.youtube.com/embed/u9yJGUI0e18?feature=oembed"" frameborder=""0"" allowfullscreen></iframe>",1501035546,"<iframe width=""880"" height=""495"" src=""https://www.youtube.com/embed/u9yJGUI0e18?feature=oembed"" frameborder=""0"" allowfullscreen></iframe>",1501035575,,,,,,,,,,,,,,,,,,,,,,,,,,,,,,,,,,,,,,,,,,,,,,,,,,,,,,,,,,,,,,,,,,,,,,,,,,,,,,,,,,,,,,,,,,,,,,,,,,,,,,,,,,,,,,,,,,,,,,,,,,,,,,,,,,,,,,,,,,,,,,,,,,,,,,,,,,,,,,,,,,,,,,,,,,,,,,,,,,,,,,,,,,,,,,,,,,,,,,,,,,,,,,,,,,,,,,,,,,,,,,,,,,,,,,,,,,,,,,,,,,,,,,,,,,,,,,,,,,,,,,,,,,,,,,,,,,,,,,,,,,,,,,,,,,,,,,,,,,,,,,,,,,,,,,,,,,,,,,,,,,,,,,,,,,,,,,,,,,,,,,,,,,,,,,,,,,,,,,,,,,,,,,,
75,default,,,,,"a:12:{s:5:""valid"";b:1;s:3:""img"";i:76;s:2:""id"";N;s:8:""provider"";s:7:""youtube"";s:5:""title"";s:85:""Why I changed my mind about medicinal cannabis | Hugh Hempel | TEDxUniversityofNevada"";s:6:""author"";s:10:""TEDx Talks"";s:11:""description"";N;s:7:""img_url"";s:48:""https://i.ytimg.com/vi/3N8QMeIsX2c/hqdefault.jpg"";s:8:""filename"";s:85:""Why I changed my mind about medicinal cannabis | Hugh Hempel | TEDxUniversityofNevada"";s:4:""full"";s:28:""https://youtu.be/3N8QMeIsX2c"";s:10:""parameters"";a:0:{}s:5:""noimg"";b:0;}",,6,,,,,,,,,,,,,,,,,,,,,,,,,,,,,,,,,,,,"<iframe width=""1088"" height=""612"" src=""https://www.youtube.com/embed/3N8QMeIsX2c?feature=oembed"" frameborder=""0"" allowfullscreen></iframe>",1500832973,"<iframe width=""620"" height=""349"" src=""https://www.youtube.com/embed/3N8QMeIsX2c?feature=oembed"" frameborder=""0"" allowfullscreen></iframe>",1501035546,"<iframe width=""880"" height=""495"" src=""https://www.youtube.com/embed/3N8QMeIsX2c?feature=oembed"" frameborder=""0"" allowfullscreen></iframe>",1501035575,"<iframe width=""840"" height=""473"" src=""https://www.youtube.com/embed/3N8QMeIsX2c?feature=oembed"" frameborder=""0"" allowfullscreen></iframe>",1502617201,,,,,,,,,,,,,,,,,,,,,,,,,,,,,,,,,,,,,,,,,,,,,,,,,,,,,,,,,,,,,,,,,,,,,,,,,,,,,,,,,,,,,,,,,,,,,,,,,,,,,,,,,,,,,,,,,,,,,,,,,,,,,,,,,,,,,,,,,,,,,,,,,,,,,,,,,,,,,,,,,,,,,,,,,,,,,,,,,,,,,,,,,,,,,,,,,,,,,,,,,,,,,,,,,,,,,,,,,,,,,,,,,,,,,,,,,,,,,,,,,,,,,,,,,,,,,,,,,,,,,,,,,,,,,,,,,,,,,,,,,,,,,,,,,,,,,,,,,,,,,,,,,,,,,,,,,,,,,,,,,,,,,,,,,,,,,,,,,,,,,,,,,,,,,,,,,,,,,,,
78,default,",,,",default,default,default,"a:12:{s:5:""valid"";b:1;s:3:""img"";i:679;s:2:""id"";N;s:8:""provider"";s:7:""youtube"";s:5:""title"";s:61:""Dr. Confirms Cannabis Oil Cures Brain Tumor & Brain Cancer !!"";s:6:""author"";s:8:""Lied2Bad"";s:11:""description"";N;s:7:""img_url"";s:48:""https://i.ytimg.com/vi/a6iba3sEUIg/hqdefault.jpg"";s:8:""filename"";s:61:""Dr. Confirms Cannabis Oil Cures Brain Tumor & Brain Cancer !!"";s:4:""full"";s:28:""https://youtu.be/a6iba3sEUIg"";s:10:""parameters"";a:0:{}s:5:""noimg"";b:0;}",,3,,,,,,,,,,,,,,,,,,,,,,,,,,,,,,,,,,,,,,,,,,,,"<iframe width=""1088"" height=""612"" src=""https://www.youtube.com/embed/a6iba3sEUIg?feature=oembed"" frameborder=""0"" allowfullscreen></iframe>",1500833016,"<iframe width=""620"" height=""349"" src=""https://www.youtube.com/embed/a6iba3sEUIg?feature=oembed"" frameborder=""0"" allowfullscreen></iframe>",1501035546,"<iframe width=""880"" height=""495"" src=""https://www.youtube.com/embed/a6iba3sEUIg?feature=oembed"" frameborder=""0"" allowfullscreen></iframe>",1501035574,,,,,,,,,,,,,,,,,,,,,,,,,,,,,,,,,,,,,,,,,,,,,,,,,,,,,,,,,,,,,,,,,,,,,,,,,,,,,,,,,,,,,,,,,,,,,,,,,,,,,,,,,,,,,,,,,,,,,,,,,,,,,,,,,,,,,,,,,,,,,,,,,,,,,,,,,,,,,,,,,,,,,,,,,,,,,,,,,,,,,,,,,,,,,,,,,,,,,,,,,,,,,,,,,,,,,,,,,,,,,,,,,,,,,,,,,,,,,,,,,,,,,,,,,,,,,,,,,,,,,,,,,,,,,,,,,,,,,,,,,,,,,,,,,,,,,,,,,,,,,,,,,,,,,,,,,,,,,,,,,,,,,,,,,,,,,,,,,,,,,,,,,,,,,,,,,
81,default,",,,",default,default,default,"a:12:{s:5:""valid"";b:1;s:3:""img"";i:82;s:2:""id"";N;s:8:""provider"";s:7:""youtube"";s:5:""title"";s:96:""Michael McShane's Story: Skin Cancer cured with cannabis oil (SEE more at cureyourowncancer.org)"";s:6:""author"";s:15:""Lincoln Horsley"";s:11:""description"";N;s:7:""img_url"";s:48:""https://i.ytimg.com/vi/gnCGPtcqtWg/hqdefault.jpg"";s:8:""filename"";s:96:""Michael McShane's Story: Skin Cancer cured with cannabis oil (SEE more at cureyourowncancer.org)"";s:4:""full"";s:28:""https://youtu.be/gnCGPtcqtWg"";s:10:""parameters"";a:0:{}s:5:""noimg"";b:0;}",,5,,,,,,,,,,,,,,,,,,,,,,,,,,,,,,,,,,,,,,,,,,,,,,,,,,"<iframe width=""1088"" height=""612"" src=""https://www.youtube.com/embed/gnCGPtcqtWg?feature=oembed"" frameborder=""0"" allowfullscreen></iframe>",1500833060,"<iframe width=""620"" height=""349"" src=""https://www.youtube.com/embed/gnCGPtcqtWg?feature=oembed"" frameborder=""0"" allowfullscreen></iframe>",1501035546,"<iframe width=""880"" height=""495"" src=""https://www.youtube.com/embed/gnCGPtcqtWg?feature=oembed"" frameborder=""0"" allowfullscreen></iframe>",1501035574,,,,,,,,,,,,,,,,,,,,,,,,,,,,,,,,,,,,,,,,,,,,,,,,,,,,,,,,,,,,,,,,,,,,,,,,,,,,,,,,,,,,,,,,,,,,,,,,,,,,,,,,,,,,,,,,,,,,,,,,,,,,,,,,,,,,,,,,,,,,,,,,,,,,,,,,,,,,,,,,,,,,,,,,,,,,,,,,,,,,,,,,,,,,,,,,,,,,,,,,,,,,,,,,,,,,,,,,,,,,,,,,,,,,,,,,,,,,,,,,,,,,,,,,,,,,,,,,,,,,,,,,,,,,,,,,,,,,,,,,,,,,,,,,,,,,,,,,,,,,,,,,,,,,,,,,,,,,,,,,,,,,,,,,,,,,,,,,,,,,,,,,,,,
87,default,",,,",default,default,default,"a:12:{s:5:""valid"";b:1;s:3:""img"";s:2:""86"";s:2:""id"";N;s:8:""provider"";s:7:""youtube"";s:5:""title"";s:47:""Prostate Cancer Cured with Cannabis Oil  Part 2"";s:6:""author"";s:13:""PlantofRenown"";s:11:""description"";N;s:7:""img_url"";s:48:""https://i.ytimg.com/vi/EvyxL_5gCgU/hqdefault.jpg"";s:8:""filename"";s:47:""Prostate Cancer Cured with Cannabis Oil  Part 2"";s:4:""full"";s:28:""https://youtu.be/EvyxL_5gCgU"";s:10:""parameters"";a:0:{}s:5:""noimg"";b:0;}",,2,,,,,,,,,,,,,,,,,,,,,,,,,,,,,,,,,,,,,,,,,,,,,,,,,,,,,,,,"<iframe width=""1088"" height=""612"" src=""https://www.youtube.com/embed/EvyxL_5gCgU?feature=oembed"" frameborder=""0"" allowfullscreen></iframe>",1500833120,"<iframe width=""620"" height=""349"" src=""https://www.youtube.com/embed/EvyxL_5gCgU?feature=oembed"" frameborder=""0"" allowfullscreen></iframe>",1501035546,"<iframe width=""880"" height=""495"" src=""https://www.youtube.com/embed/EvyxL_5gCgU?feature=oembed"" frameborder=""0"" allowfullscreen></iframe>",1501035574,,,,,,,,,,,,,,,,,,,,,,,,,,,,,,,,,,,,,,,,,,,,,,,,,,,,,,,,,,,,,,,,,,,,,,,,,,,,,,,,,,,,,,,,,,,,,,,,,,,,,,,,,,,,,,,,,,,,,,,,,,,,,,,,,,,,,,,,,,,,,,,,,,,,,,,,,,,,,,,,,,,,,,,,,,,,,,,,,,,,,,,,,,,,,,,,,,,,,,,,,,,,,,,,,,,,,,,,,,,,,,,,,,,,,,,,,,,,,,,,,,,,,,,,,,,,,,,,,,,,,,,,,,,,,,,,,,,,,,,,,,,,,,,,,,,,,,,,,,,,,,,,,,,,,,,,,,,,,,,,,,,,,,,,,,,,,,,,,,,,,
89,default,",,,",default,default,default,"a:12:{s:5:""valid"";b:1;s:3:""img"";i:90;s:2:""id"";N;s:8:""provider"";s:7:""youtube"";s:5:""title"";s:74:""Mom of 3 Year Old Brain Cancer Patient Uses CBD for Better Quality of Life"";s:6:""author"";s:13:""Cheryl Shuman"";s:11:""description"";N;s:7:""img_url"";s:48:""https://i.ytimg.com/vi/RYfp19bJREE/hqdefault.jpg"";s:8:""filename"";s:74:""Mom of 3 Year Old Brain Cancer Patient Uses CBD for Better Quality of Life"";s:4:""full"";s:28:""https://youtu.be/RYfp19bJREE"";s:10:""parameters"";a:0:{}s:5:""noimg"";b:0;}",,4,,,,,,,,,,,,,,,,,,,,,,,,,,,,,,,,,,,,,,,,,,,,,,,,,,,,,,,,,,,,,,"<iframe width=""1088"" height=""612"" src=""https://www.youtube.com/embed/RYfp19bJREE?feature=oembed"" frameborder=""0"" allowfullscreen></iframe>",1500833164,"<iframe width=""620"" height=""349"" src=""https://www.youtube.com/embed/RYfp19bJREE?feature=oembed"" frameborder=""0"" allowfullscreen></iframe>",1501582080,"<iframe width=""880"" height=""495"" src=""https://www.youtube.com/embed/RYfp19bJREE?feature=oembed"" frameborder=""0"" allowfullscreen></iframe>",1501035574,,,,,,,,,,,,,,,,,,,,,,,,,,,,,,,,,,,,,,,,,,,,,,,,,,,,,,,,,,,,,,,,,,,,,,,,,,,,,,,,,,,,,,,,,,,,,,,,,,,,,,,,,,,,,,,,,,,,,,,,,,,,,,,,,,,,,,,,,,,,,,,,,,,,,,,,,,,,,,,,,,,,,,,,,,,,,,,,,,,,,,,,,,,,,,,,,,,,,,,,,,,,,,,,,,,,,,,,,,,,,,,,,,,,,,,,,,,,,,,,,,,,,,,,,,,,,,,,,,,,,,,,,,,,,,,,,,,,,,,,,,,,,,,,,,,,,,,,,,,,,,,,,,,,,,,,,,,,,,,,,,,,,,,,,,,,,,,
92,default,,default,default,default,,,4,,,,,,,,,,,,,,,,,,,,,,,,,,,,,,,,,,,,,,,,,,,,,,,,,,,,,,,,,,,,,,,,,,,,"<iframe width=""1088"" height=""816"" src=""https://www.youtube.com/embed/uRoznkzfAwU?feature=oembed"" frameborder=""0"" allowfullscreen></iframe>",1500833195,"<iframe width=""620"" height=""465"" src=""https://www.youtube.com/embed/uRoznkzfAwU?feature=oembed"" frameborder=""0"" allowfullscreen></iframe>",1501035546,"<iframe width=""880"" height=""660"" src=""https://www.youtube.com/embed/uRoznkzfAwU?feature=oembed"" frameborder=""0"" allowfullscreen></iframe>",1501035574,,,,,,,,,,,,,,,,,,,,,,,,,,,,,,,,,,,,,,,,,,,,,,,,,,,,,,,,,,,,,,,,,,,,,,,,,,,,,,,,,,,,,,,,,,,,,,,,,,,,,,,,,,,,,,,,,,,,,,,,,,,,,,,,,,,,,,,,,,,,,,,,,,,,,,,,,,,,,,,,,,,,,,,,,,,,,,,,,,,,,,,,,,,,,,,,,,,,,,,,,,,,,,,,,,,,,,,,,,,,,,,,,,,,,,,,,,,,,,,,,,,,,,,,,,,,,,,,,,,,,,,,,,,,,,,,,,,,,,,,,,,,,,,,,,,,,,,,,,,,,,,,,,,,,,,,,,,,,,,,,,,,,,,,,
95,default,,default,default,default,,,8,,,,,,,,,,,,,,,,,,,,,,,,,,,,,,,,,,,,,,,,,,,,,,,,,,,,,,,,,,,,,,,,,,,,,,,,,,"<iframe width=""1088"" height=""612"" src=""https://www.youtube.com/embed/xJ_UBW_IITw?feature=oembed"" frameborder=""0"" allowfullscreen></iframe>",1500833236,"<iframe width=""620"" height=""349"" src=""https://www.youtube.com/embed/xJ_UBW_IITw?feature=oembed"" frameborder=""0"" allowfullscreen></iframe>",1501035546,"<iframe width=""880"" height=""495"" src=""https://www.youtube.com/embed/xJ_UBW_IITw?feature=oembed"" frameborder=""0"" allowfullscreen></iframe>",1501035574,,,,,,,,,,,,,,,,,,,,,,,,,,,,,,,,,,,,,,,,,,,,,,,,,,,,,,,,,,,,,,,,,,,,,,,,,,,,,,,,,,,,,,,,,,,,,,,,,,,,,,,,,,,,,,,,,,,,,,,,,,,,,,,,,,,,,,,,,,,,,,,,,,,,,,,,,,,,,,,,,,,,,,,,,,,,,,,,,,,,,,,,,,,,,,,,,,,,,,,,,,,,,,,,,,,,,,,,,,,,,,,,,,,,,,,,,,,,,,,,,,,,,,,,,,,,,,,,,,,,,,,,,,,,,,,,,,,,,,,,,,,,,,,,,,,,,,,,,,,,,,,,,,,,,,,,,,,,,,,,,,,
98,default,,,,,"a:12:{s:5:""valid"";b:1;s:3:""img"";i:99;s:2:""id"";N;s:8:""provider"";s:7:""youtube"";s:5:""title"";s:45:""Medical Marijuana for Alzheimers and Dementia"";s:6:""author"";s:4:""KOAT"";s:11:""description"";N;s:7:""img_url"";s:48:""https://i.ytimg.com/vi/TYeqCOd8Kss/hqdefault.jpg"";s:8:""filename"";s:45:""Medical Marijuana for Alzheimers and Dementia"";s:4:""full"";s:28:""https://youtu.be/TYeqCOd8Kss"";s:10:""parameters"";a:0:{}s:5:""noimg"";b:0;}",,5,,,,,,,,,,,,,,,,,,,,,,,,,,,,,,,,,,,,,,,,,,,,,,,,,,,,,,,,,,,,,,,,,,,,,,,,,,,,,,,,"<iframe width=""1088"" height=""612"" src=""https://www.youtube.com/embed/TYeqCOd8Kss?feature=oembed"" frameborder=""0"" allowfullscreen></iframe>",1500833267,"<iframe width=""620"" height=""349"" src=""https://www.youtube.com/embed/TYeqCOd8Kss?feature=oembed"" frameborder=""0"" allowfullscreen></iframe>",1501035546,"<iframe width=""880"" height=""495"" src=""https://www.youtube.com/embed/TYeqCOd8Kss?feature=oembed"" frameborder=""0"" allowfullscreen></iframe>",1501035574,"<iframe width=""840"" height=""473"" src=""https://www.youtube.com/embed/TYeqCOd8Kss?feature=oembed"" frameborder=""0"" allowfullscreen></iframe>",1502617201,,,,,,,,,,,,,,,,,,,,,,,,,,,,,,,,,,,,,,,,,,,,,,,,,,,,,,,,,,,,,,,,,,,,,,,,,,,,,,,,,,,,,,,,,,,,,,,,,,,,,,,,,,,,,,,,,,,,,,,,,,,,,,,,,,,,,,,,,,,,,,,,,,,,,,,,,,,,,,,,,,,,,,,,,,,,,,,,,,,,,,,,,,,,,,,,,,,,,,,,,,,,,,,,,,,,,,,,,,,,,,,,,,,,,,,,,,,,,,,,,,,,,,,,,,,,,,,,,,,,,,,,,,,,,,,,,,,,,,,,,,,,,,,,,,,,,,,,,,,,,,,,,,,,,,,,,,,
101,default,",,,",default,default,default,"a:12:{s:5:""valid"";b:1;s:3:""img"";i:630;s:2:""id"";N;s:8:""provider"";s:7:""youtube"";s:5:""title"";s:39:""Mom: Medical marijuana saved my ill son"";s:6:""author"";s:3:""CNN"";s:11:""description"";N;s:7:""img_url"";s:48:""https://i.ytimg.com/vi/98pQ04ZNIiI/hqdefault.jpg"";s:8:""filename"";s:39:""Mom: Medical marijuana saved my ill son"";s:4:""full"";s:28:""https://youtu.be/98pQ04ZNIiI"";s:10:""parameters"";a:0:{}s:5:""noimg"";b:0;}",,4,,,,,,,,,,,,,,,,,,,,,,,,,,,,,,,,,,,,,,,,,,,,,,,,,,,,,,,,,,,,,,,,,,,,,,,,,,,,,,,,,,,,,,,,"<iframe width=""1088"" height=""612"" src=""https://www.youtube.com/embed/98pQ04ZNIiI?feature=oembed"" frameborder=""0"" allowfullscreen></iframe>",1500833297,"<iframe width=""620"" height=""349"" src=""https://www.youtube.com/embed/98pQ04ZNIiI?feature=oembed"" frameborder=""0"" allowfullscreen></iframe>",1501035545,"<iframe width=""880"" height=""495"" src=""https://www.youtube.com/embed/98pQ04ZNIiI?feature=oembed"" frameborder=""0"" allowfullscreen></iframe>",1501035574,,,,,,,,,,,,,,,,,,,,,,,,,,,,,,,,,,,,,,,,,,,,,,,,,,,,,,,,,,,,,,,,,,,,,,,,,,,,,,,,,,,,,,,,,,,,,,,,,,,,,,,,,,,,,,,,,,,,,,,,,,,,,,,,,,,,,,,,,,,,,,,,,,,,,,,,,,,,,,,,,,,,,,,,,,,,,,,,,,,,,,,,,,,,,,,,,,,,,,,,,,,,,,,,,,,,,,,,,,,,,,,,,,,,,,,,,,,,,,,,,,,,,,,,,,,,,,,,,,,,,,,,,,,,,,,,,,,,,,,,,,,,,,,,,,,,,,,,,,,,,,,,,,,,,
104,default,",,,",default,default,default,"a:12:{s:5:""valid"";b:1;s:3:""img"";i:105;s:2:""id"";N;s:8:""provider"";s:7:""youtube"";s:5:""title"";s:57:""Modesto father credits cannabis oil for saving son's life"";s:6:""author"";s:9:""KCRA News"";s:11:""description"";N;s:7:""img_url"";s:48:""https://i.ytimg.com/vi/i4hPuxwrRko/hqdefault.jpg"";s:8:""filename"";s:57:""Modesto father credits cannabis oil for saving son's life"";s:4:""full"";s:28:""https://youtu.be/i4hPuxwrRko"";s:10:""parameters"";a:0:{}s:5:""noimg"";b:0;}",,3,,,,,,,,,,,,,,,,,,,,,,,,,,,,,,,,,,,,,,,,,,,,,,,,,,,,,,,,,,,,,,,,,,,,,,,,,,,,,,,,,,,,,,,,,,,,,,"<iframe width=""1088"" height=""612"" src=""https://www.youtube.com/embed/i4hPuxwrRko?feature=oembed"" frameborder=""0"" allowfullscreen></iframe>",1500833330,"<iframe width=""620"" height=""349"" src=""https://www.youtube.com/embed/i4hPuxwrRko?feature=oembed"" frameborder=""0"" allowfullscreen></iframe>",1501035545,"<iframe width=""880"" height=""495"" src=""https://www.youtube.com/embed/i4hPuxwrRko?feature=oembed"" frameborder=""0"" allowfullscreen></iframe>",1501035574,,,,,,,,,,,,,,,,,,,,,,,,,,,,,,,,,,,,,,,,,,,,,,,,,,,,,,,,,,,,,,,,,,,,,,,,,,,,,,,,,,,,,,,,,,,,,,,,,,,,,,,,,,,,,,,,,,,,,,,,,,,,,,,,,,,,,,,,,,,,,,,,,,,,,,,,,,,,,,,,,,,,,,,,,,,,,,,,,,,,,,,,,,,,,,,,,,,,,,,,,,,,,,,,,,,,,,,,,,,,,,,,,,,,,,,,,,,,,,,,,,,,,,,,,,,,,,,,,,,,,,,,,,,,,,,,,,,,,,,,,,,,,,,,,,,,,,,,,,,,,,,
107,default,",,,",default,default,default,"a:12:{s:5:""valid"";b:1;s:3:""img"";s:3:""108"";s:2:""id"";N;s:8:""provider"";s:7:""youtube"";s:5:""title"";s:43:""Mother Uses Marijuana to Treat Autistic Son"";s:6:""author"";s:8:""xridder2"";s:11:""description"";N;s:7:""img_url"";s:48:""https://i.ytimg.com/vi/s6Svp81lPhQ/hqdefault.jpg"";s:8:""filename"";s:43:""Mother Uses Marijuana to Treat Autistic Son"";s:4:""full"";s:28:""https://youtu.be/s6Svp81lPhQ"";s:10:""parameters"";a:0:{}s:5:""noimg"";b:0;}",,3,,,,,,,,,,,,,,,,,,,,,,,,,,,,,,,,,,,,,,,,,,,,,,,,,,,,,,,,,,,,,,,,,,,,,,,,,,,,,,,,,,,,,,,,,,,,,,,,,,,,"<iframe width=""1088"" height=""612"" src=""https://www.youtube.com/embed/s6Svp81lPhQ?feature=oembed"" frameborder=""0"" allowfullscreen></iframe>",1500833369,"<iframe width=""620"" height=""349"" src=""https://www.youtube.com/embed/s6Svp81lPhQ?feature=oembed"" frameborder=""0"" allowfullscreen></iframe>",1501035545,"<iframe width=""880"" height=""495"" src=""https://www.youtube.com/embed/s6Svp81lPhQ?feature=oembed"" frameborder=""0"" allowfullscreen></iframe>",1501035574,,,,,,,,,,,,,,,,,,,,,,,,,,,,,,,,,,,,,,,,,,,,,,,,,,,,,,,,,,,,,,,,,,,,,,,,,,,,,,,,,,,,,,,,,,,,,,,,,,,,,,,,,,,,,,,,,,,,,,,,,,,,,,,,,,,,,,,,,,,,,,,,,,,,,,,,,,,,,,,,,,,,,,,,,,,,,,,,,,,,,,,,,,,,,,,,,,,,,,,,,,,,,,,,,,,,,,,,,,,,,,,,,,,,,,,,,,,,,,,,,,,,,,,,,,,,,,,,,,,,,,,,,,,,,,,,,,,,,,,,,,,,,,,,,,,,,,,,,
112,default,",,,",default,default,default,"a:12:{s:5:""valid"";b:1;s:3:""img"";i:113;s:2:""id"";N;s:8:""provider"";s:7:""youtube"";s:5:""title"";s:60:""Anti-Pot Great-Grandma Changes Her Mind On Medical Marijuana"";s:6:""author"";s:15:""Michael McIntee"";s:11:""description"";N;s:7:""img_url"";s:48:""https://i.ytimg.com/vi/-WOT-CdvQZQ/hqdefault.jpg"";s:8:""filename"";s:60:""Anti-Pot Great-Grandma Changes Her Mind On Medical Marijuana"";s:4:""full"";s:28:""https://youtu.be/-WOT-CdvQZQ"";s:10:""parameters"";a:0:{}s:5:""noimg"";b:0;}",,4,,,,,,,,,,,,,,,,,,,,,,,,,,,,,,,,,,,,,,,,,,,,,,,,,,,,,,,,,,,,,,,,,,,,,,,,,,,,,,,,,,,,,,,,,,,,,,,,,,,,,,,,,,"<iframe width=""1088"" height=""816"" src=""https://www.youtube.com/embed/-WOT-CdvQZQ?feature=oembed"" frameborder=""0"" allowfullscreen></iframe>",1500833414,"<iframe width=""620"" height=""465"" src=""https://www.youtube.com/embed/-WOT-CdvQZQ?feature=oembed"" frameborder=""0"" allowfullscreen></iframe>",1501581581,"<iframe width=""880"" height=""660"" src=""https://www.youtube.com/embed/-WOT-CdvQZQ?feature=oembed"" frameborder=""0"" allowfullscreen></iframe>",1501035574,"<iframe width=""840"" height=""630"" src=""https://www.youtube.com/embed/-WOT-CdvQZQ?feature=oembed"" frameborder=""0"" allowfullscreen></iframe>",1503004640,,,,,,,,,,,,,,,,,,,,,,,,,,,,,,,,,,,,,,,,,,,,,,,,,,,,,,,,,,,,,,,,,,,,,,,,,,,,,,,,,,,,,,,,,,,,,,,,,,,,,,,,,,,,,,,,,,,,,,,,,,,,,,,,,,,,,,,,,,,,,,,,,,,,,,,,,,,,,,,,,,,,,,,,,,,,,,,,,,,,,,,,,,,,,,,,,,,,,,,,,,,,,,,,,,,,,,,,,,,,,,,,,,,,,,,,,,,,,,,,,,,,,,,,,,,,,,,,,,,,,,,,,,,,,,,,,,,,,,,,,,,,,,,,,
115,default,",,,",default,default,default,,,3,,,,,,,,,,,,,,,,,,,,,,,,,,,,,,,,,,,,,,,,,,,,,,,,,,,,,,,,,,,,,,,,,,,,,,,,,,,,,,,,,,,,,,,,,,,,,,,,,,,,,,,,,,,,,,,,,,"<iframe width=""1088"" height=""612"" src=""https://www.youtube.com/embed/_EYP8LL9sPE?feature=oembed"" frameborder=""0"" allowfullscreen></iframe>",1500833451,"<iframe width=""620"" height=""349"" src=""https://www.youtube.com/embed/_EYP8LL9sPE?feature=oembed"" frameborder=""0"" allowfullscreen></iframe>",1501269155,"<iframe width=""880"" height=""495"" src=""https://www.youtube.com/embed/_EYP8LL9sPE?feature=oembed"" frameborder=""0"" allowfullscreen></iframe>",1501035573,"<iframe width=""840"" height=""473"" src=""https://www.youtube.com/embed/_EYP8LL9sPE?feature=oembed"" frameborder=""0"" allowfullscreen></iframe>",1502419666,,,,,,,,,,,,,,,,,,,,,,,,,,,,,,,,,,,,,,,,,,,,,,,,,,,,,,,,,,,,,,,,,,,,,,,,,,,,,,,,,,,,,,,,,,,,,,,,,,,,,,,,,,,,,,,,,,,,,,,,,,,,,,,,,,,,,,,,,,,,,,,,,,,,,,,,,,,,,,,,,,,,,,,,,,,,,,,,,,,,,,,,,,,,,,,,,,,,,,,,,,,,,,,,,,,,,,,,,,,,,,,,,,,,,,,,,,,,,,,,,,,,,,,,,,,,,,,,,,,,,,,,,,,,,,,,,,,,,,,,,
405,default,",,,",default,disable,default,"a:12:{s:5:""valid"";b:1;s:3:""img"";i:452;s:2:""id"";N;s:8:""provider"";s:7:""youtube"";s:5:""title"";s:61:""Epilepsy Seizures Cured after Ingesting Cannabis Oil with CBD"";s:6:""author"";s:19:""ShortCannabisVideos"";s:11:""description"";N;s:7:""img_url"";s:48:""https://i.ytimg.com/vi/VMpWKzukg94/hqdefault.jpg"";s:8:""filename"";s:61:""Epilepsy Seizures Cured after Ingesting Cannabis Oil with CBD"";s:4:""full"";s:28:""https://youtu.be/VMpWKzukg94"";s:10:""parameters"";a:0:{}s:5:""noimg"";b:0;}",,5,,,,,,,,,,,,,,,,,,,,,,,,,,,,,,,,,,,,,,,,,,,,,,,,,,,,,,,,,,,,,,,,,,,,,,,,,,,,,,,,,,,,,,,,,,,,,,,,,,,,,,,,,,,,,,,,,,,,,,,,,,,,,,,,,,,,,,,,,,,,,,,,,,,,,,,,,,,,,,,,,,,,,,,,,,,,,,,,,,,,,,,,,,,,,,,,,,,,,,,,,,,,,,,,,,,,,,,,,,,,,,,,,,,,,,,,,,,,,,,,,,,,,,,,,,,,,,,,,,,,,,,,,,,,,,,,,,,,,,,,,,,,,,,,,,,,,,,,,,,,,,,,,,,,,,,,,,,,,,,,,,,,,,,,,,,,,,,,,,,,,,,,,,,,,,,,,,,,,,,,,,,,,,,,,,,,,,,,,,,,,,,,,,,,,,,,,,,,,,,,,,
409,default,",,,",default,default,default,"a:12:{s:5:""valid"";b:1;s:3:""img"";i:410;s:2:""id"";N;s:8:""provider"";s:7:""youtube"";s:5:""title"";s:29:""Medical Cannabis for Epilepsy"";s:6:""author"";s:15:""Ricardo Serrano"";s:11:""description"";N;s:7:""img_url"";s:48:""https://i.ytimg.com/vi/ayvES8yx64o/hqdefault.jpg"";s:8:""filename"";s:29:""Medical Cannabis for Epilepsy"";s:4:""full"";s:28:""https://youtu.be/ayvES8yx64o"";s:10:""parameters"";a:0:{}s:5:""noimg"";b:0;}",,3,,,,,,,,,,,,,,,,,,,,,,,,,,,,,,,,,,,,,,,,,,,,,,,,,,,,,,,,,,,,,,,,,,,,,,,,,,,,,,,,,,,,,,,,,,,,,,,,,,,,,,,,,,,,,,,,,,,,,,,,,,,,,,,,,,,,,,,,,,,,,,,,,,,,,,,,,,,,,,,,,,,,,,,,,,,,,,,,,,,,,,,,,,,,,,,,,,,,,,,,,,,,,,,,,,,,,,,,,,,,,,,,,,,,,,,,,,,,,,,,,,,,,,,,,,,,,,,,,,,,,,,,,,,,,,,,,,,,,,,,,,,,,,,,,,,,,,,,,,,,,,,,,,,,,,,,,,,,,,,,,,,,,,,,,,,,,,,,,,,,,,,,,,,,,,,,,,,,,,,,,,,,,,,,,,,,,,,,,,,,,,,,,,,,,,,,,,,,,,,,,,
412,default,",,,",default,default,default,"a:12:{s:5:""valid"";b:1;s:3:""img"";i:414;s:2:""id"";N;s:8:""provider"";s:7:""youtube"";s:5:""title"";s:33:""Marijuana Stops Epileptic Seizure"";s:6:""author"";s:16:""Green Rush Daily"";s:11:""description"";N;s:7:""img_url"";s:48:""https://i.ytimg.com/vi/dB1s6eE7Rvg/hqdefault.jpg"";s:8:""filename"";s:33:""Marijuana Stops Epileptic Seizure"";s:4:""full"";s:28:""https://youtu.be/dB1s6eE7Rvg"";s:10:""parameters"";a:0:{}s:5:""noimg"";b:0;}",,3,,,,,,,,,,,,,,,,,,,,,,,,,,,,,,,,,,,,,,,,,,,,,,,,,,,,,,,,,,,,,,,,,,,,,,,,,,,,,,,,,,,,,,,,,,,,,,,,,,,,,,,,,,,,,,,,,,,,,,,,,,,,,,,,,,,,,,,,,,,,,,,,,,,,,,,,,,,,,,,,,,,,,,,,,,,,,,,,,,,,,,,,,,,,,,,,,,,,,,,,,,,,,,,,,,,,,,,,,,,,,,,,,,,,,,,,,,,,,,,,,,,,,,,,,,,,,,,,,,,,,,,,,,,,,,,,,,,,,,,,,,,,,,,,,,,,,,,,,,,,,,,,,,,,,,,,,,,,,,,,,,,,,,,,,,,,,,,,,,,,,,,,,,,,,,,,,,,,,,,,,,,,,,,,,,,,,,,,,,,,,,,,,,,,,,,,,,,,,,,,,,
421,,,,,,,,,,,,,,,,,,,,,,,,,,,,,,,,,,,,,,,,,,,,,,,,,,,,,,,,,,,,,,,,,,,,,,,,,,,,,,,,,,,,,,,,,,,,,,,,,,,,,,,,,,,,,,,,,,,,,,,,,,,,,,,,,,,,,,,,,,,,,,,,,,,,,,,,,,,,,,,,,,,,,,,,,,,,,,,,,,,,,,,,,,,,,,,,,,,,,,,,,,,,,,,,,,,,,,,,,,,,,,,,,,,,,,,,,,,,,,,,,,,,,,,,,,,,,,,,,,,,,,,,,,,,,,,,,,,,,,,,,,,,,,,,,,,,,,,,,,,,,,,,,,,,,,,,,,,,,,,,,,,,,,,,,,,,,,,,,,,,,,,,,,,,,,,,,,,,,,,,,,,,,,,,,,,,,,,,,,,,,,,,,,,,,,,,,,,,,,,,,,,,,,,,,,
425,default,",,,",default,default,default,,,5,,,,,,,,,,,,,,,,,,,,,,,,,,,,,,,,,,,,,,,,,,,,,,,,,,,,,,,,,,,,,,,,,,,,,,,,,,,,,,,,,,,,,,,,,,,,,,,,,,,,,,,,,,,,,,,,,,,,,,,,,,,,,,,,,,,,,,,,,,,,,,,,,,,,,,,,,,,,,,,,,,,,,,,,,,,,,,,,,,,,,,,,,,,,,,,,,,,,,,,,,,,,,,,,,,,,,,,,,,,,,,,,,,,,,,,,,,,,,,,,,,,,,,,,,,,,,,,,,,,,,,,,,,,,,,,,,,,,,,,,,,,,,,,,,,,,,,,,,,,,,,,,,,,,,,,,,,,,,,,,,,,,,,,,,,,,,,,,,,,,,,,,,,,,,,,,,,,,,,,,,,,,,,,,,,,,,,,,,,,,,,,,,,,,,,,,,,,,,,,,,,
430,default,",,,",default,default,default,"a:12:{s:5:""valid"";b:1;s:3:""img"";s:3:""431"";s:2:""id"";N;s:8:""provider"";s:7:""youtube"";s:5:""title"";s:85:""WATCH: Cannatol Rx Cannabis Nasal Spray Stops Childrens’ Seizures Within 20 Seconds"";s:6:""author"";s:11:""Cannatol Rx"";s:11:""description"";N;s:7:""img_url"";s:48:""https://i.ytimg.com/vi/yCMzooTvLZM/hqdefault.jpg"";s:8:""filename"";s:85:""WATCH: Cannatol Rx Cannabis Nasal Spray Stops Childrens’ Seizures Within 20 Seconds"";s:4:""full"";s:28:""https://youtu.be/yCMzooTvLZM"";s:10:""parameters"";a:0:{}s:5:""noimg"";b:0;}",,4,,,,,,,,,,,,,,,,,,,,,,,,,,,,,,,,,,,,,,,,,,,,,,,,,,,,,,,,,,,,,,,,,,,,,,,,,,,,,,,,,,,,,,,,,,,,,,,,,,,,,,,,,,,,,,,,,,,,,,,,,,,,,,,,,,,,,,,,,,,,,,,,,,,,,,,,,,,,,,,,,,,,,,,,,,,,,,,,,,,,,,,,,,,,,,,,,,,,,,,,,,,,,,,,,,,,,,,,,,,,,,,,,,,,,,,,,,,,,,,,,,,,,,,,,,,,,,,,,,,,,,,,,,,,,,,,,,,,,,,,,,,,,,,,,,,,,,,,,,,,,,,,,,,,,,,,,,,,,,,,,,,,,,,,,,,,,,,,,,,,,,,,,,,,,,,,,,,,,,,,,,,,,,,,,,,,,,,,,,,,,,,,,,,,,,,,,,,,,,,,,,
442,default,",,,",default,default,default,"a:12:{s:5:""valid"";b:1;s:3:""img"";N;s:2:""id"";N;s:8:""provider"";s:7:""youtube"";s:5:""title"";s:69:""The Science of Cannabis as a Treatment for Epilepsy (New Documentary)"";s:6:""author"";s:17:""endpotprohibition"";s:11:""description"";N;s:7:""img_url"";s:48:""https://i.ytimg.com/vi/oqhJH7hIG4k/hqdefault.jpg"";s:8:""filename"";s:69:""The Science of Cannabis as a Treatment for Epilepsy (New Documentary)"";s:4:""full"";s:28:""https://youtu.be/oqhJH7hIG4k"";s:10:""parameters"";a:0:{}s:5:""noimg"";b:1;}",,7,,,,,,,,,,,,,,,,,,,,,,,,,,,,,,,,,,,,,,,,,,,,,,,,,,,,,,,,,,,,,,,,,,,,,,,,,,,,,,,,,,,,,,,,,,,,,,,,,,,,,,,,,,,,,,,,,,,,,,,,,,,,,,,,,,,,,,,,,,,,,,,,,,,,,,,,,,,,,,,,,,,,,,,,,,,,,,,,,,,,,,,,,,,,,,,,,,,,,,,,,,,,,,,,,,,,,,,,,,,,,,,,,,,,,,,,,,,,,,,,,,,,,,,,,,,,,,,,,,,,,,,,,,,,,,,,,,,,,,,,,,,,,,,,,,,,,,,,,,,,,,,,,,,,,,,,,,,,,,,,,,,,,,,,,,,,,,,,,,,,,,,,,,,,,,,,,,,,,,,,,,,,,,,,,,,,,,,,,,,,,,,,,,,,,,,,,,,,,,,,,,
454,default,",,,",default,disable,default,"a:12:{s:5:""valid"";b:1;s:3:""img"";i:455;s:2:""id"";N;s:8:""provider"";s:7:""youtube"";s:5:""title"";s:34:""Medical Marijuana Control Seizures"";s:6:""author"";s:14:""Patricia Smith"";s:11:""description"";N;s:7:""img_url"";s:48:""https://i.ytimg.com/vi/MeEYy9rI2Qs/hqdefault.jpg"";s:8:""filename"";s:34:""Medical Marijuana Control Seizures"";s:4:""full"";s:28:""https://youtu.be/MeEYy9rI2Qs"";s:10:""parameters"";a:0:{}s:5:""noimg"";b:0;}",,4,,,,,,,,,,,,,,,,,,,,,,,,,,,,,,,,,,,,,,,,,,,,,,,,,,,,,,,,,,,,,,,,,,,,,,,,,,,,,,,,,,,,,,,,,,,,,,,,,,,,,,,,,,,,,,,,,,,,,,,,,,,,,,,,,,,,,,,,,,,,,,,,,,,,,,,,,,,,,,,,,,,,,,,,,,,,,,,,,,,,,,,,,,,,,,,,,,,,,,,,,,,,,,,,,,,,,,,,,,,,,,,,,,,,,,,,,,,,,,,,,,,,,,,,,,,,,,,,,,,,,,,,,,,,,,,,,,,,,,,,,,,,,,,,,,,,,,,,,,,,,,,,,,,,,,,,,,,,,,,,,,,,,,,,,,,,,,,,,,,,,,,,,,,,,,,,,,,,,,,,,,,,,,,,,,,,,,,,,,,,,,,,,,,,,,,,,,,,,,,,,,
457,default,",,,",default,disable,default,"a:12:{s:5:""valid"";b:1;s:3:""img"";i:458;s:2:""id"";N;s:8:""provider"";s:7:""youtube"";s:5:""title"";s:87:""Cannabis and Epilepsy: How Weed Helps Treat Kids With Dravet Syndrome | MERRY JANE News"";s:6:""author"";s:10:""MERRY JANE"";s:11:""description"";N;s:7:""img_url"";s:48:""https://i.ytimg.com/vi/yHGgbNbe84k/hqdefault.jpg"";s:8:""filename"";s:87:""Cannabis and Epilepsy: How Weed Helps Treat Kids With Dravet Syndrome | MERRY JANE News"";s:4:""full"";s:28:""https://youtu.be/yHGgbNbe84k"";s:10:""parameters"";a:0:{}s:5:""noimg"";b:0;}",,5,,,,,,,,,,,,,,,,,,,,,,,,,,,,,,,,,,,,,,,,,,,,,,,,,,,,,,,,,,,,,,,,,,,,,,,,,,,,,,,,,,,,,,,,,,,,,,,,,,,,,,,,,,,,,,,,,,,,,,,,,,,,,,,,,,,,,,,,,,,,,,,,,,,,,,,,,,,,,,,,,,,,,,,,,,,,,,,,,,,,,,,,,,,,,,,,,,,,,,,,,,,,,,,,,,,,,,,,,,,,,,,,,,,,,,,,,,,,,,,,,,,,,,,,,,,,,,,,,,,,,,,,,,,,,,,,,,,,,,,,,,,,,,,,,,,,,,,,,,,,,,,,,,,,,,,,,,,,,,,,,,,,,,,,,,,,,,,,,,,,,,,,,,,,,,,,,,,,,,,,,,,,,,,,,,,,,,,,,,,,,,,,,,,,,,,,,,,,,,,,,,
460,default,",,,",default,disable,default,"a:12:{s:5:""valid"";b:1;s:3:""img"";i:461;s:2:""id"";N;s:8:""provider"";s:7:""youtube"";s:5:""title"";s:39:""Medical Marijuana and Seizure Treatment"";s:6:""author"";s:14:""Intergr8Health"";s:11:""description"";N;s:7:""img_url"";s:48:""https://i.ytimg.com/vi/uDijf-C_HgA/hqdefault.jpg"";s:8:""filename"";s:39:""Medical Marijuana and Seizure Treatment"";s:4:""full"";s:28:""https://youtu.be/uDijf-C_HgA"";s:10:""parameters"";a:0:{}s:5:""noimg"";b:0;}",,8,,,,,,,,,,,,,,,,,,,,,,,,,,,,,,,,,,,,,,,,,,,,,,,,,,,,,,,,,,,,,,,,,,,,,,,,,,,,,,,,,,,,,,,,,,,,,,,,,,,,,,,,,,,,,,,,,,,,,,,,,,,,,,,,,,,,,,,,,,,,,,,,,,,,,,,,,,,,,,,,,,,,,,,,,,,,,,,,,,,,,,,,,,,,,,,,,,,,,,,,,,,,,,,,,,,,,,,,,,,,,,,,,,,,,,,,,,,,,,,,,,,,,,,,,,,,,,,,,,,,,,,,,,,,,,,,,,,,,,,,,,,,,,,,,,,,,,,,,,,,,,,,,,,,,,,,,,,,,,,,,,,,,,,,,,,,,,,,,,,,,,,,,,,,,,,,,,,,,,,,,,,,,,,,,,,,,,,,,,,,,,,,,,,,,,,,,,,,,,,,,,
463,default,",,,",default,disable,default,"a:12:{s:5:""valid"";b:1;s:3:""img"";i:464;s:2:""id"";N;s:8:""provider"";s:7:""youtube"";s:5:""title"";s:49:""ER Doctor Endorses Cannabis Research for Epilepsy"";s:6:""author"";s:17:""The Pulse Channel"";s:11:""description"";N;s:7:""img_url"";s:48:""https://i.ytimg.com/vi/mlwgv5iCwxU/hqdefault.jpg"";s:8:""filename"";s:49:""ER Doctor Endorses Cannabis Research for Epilepsy"";s:4:""full"";s:28:""https://youtu.be/mlwgv5iCwxU"";s:10:""parameters"";a:0:{}s:5:""noimg"";b:0;}",,5,,,,,,,,,,,,,,,,,,,,,,,,,,,,,,,,,,,,,,,,,,,,,,,,,,,,,,,,,,,,,,,,,,,,,,,,,,,,,,,,,,,,,,,,,,,,,,,,,,,,,,,,,,,,,,,,,,,,,,,,,,,,,,,,,,,,,,,,,,,,,,,,,,,,,,,,,,,,,,,,,,,,,,,,,,,,,,,,,,,,,,,,,,,,,,,,,,,,,,,,,,,,,,,,,,,,,,,,,,,,,,,,,,,,,,,,,,,,,,,,,,,,,,,,,,,,,,,,,,,,,,,,,,,,,,,,,,,,,,,,,,,,,,,,,,,,,,,,,,,,,,,,,,,,,,,,,,,,,,,,,,,,,,,,,,,,,,,,,,,,,,,,,,,,,,,,,,,,,,,,,,,,,,,,,,,,,,,,,,,,,,,,,,,,,,,,,,,,,,,,,,
466,default,",,,",default,disable,default,"a:12:{s:5:""valid"";b:1;s:3:""img"";i:467;s:2:""id"";N;s:8:""provider"";s:7:""youtube"";s:5:""title"";s:56:""Girl stops having seizures after cannabis oil treatments"";s:6:""author"";s:8:""CTV News"";s:11:""description"";N;s:7:""img_url"";s:48:""https://i.ytimg.com/vi/wSsRa4d34L4/hqdefault.jpg"";s:8:""filename"";s:56:""Girl stops having seizures after cannabis oil treatments"";s:4:""full"";s:28:""https://youtu.be/wSsRa4d34L4"";s:10:""parameters"";a:0:{}s:5:""noimg"";b:0;}",,5,,,,,,,,,,,,,,,,,,,,,,,,,,,,,,,,,,,,,,,,,,,,,,,,,,,,,,,,,,,,,,,,,,,,,,,,,,,,,,,,,,,,,,,,,,,,,,,,,,,,,,,,,,,,,,,,,,,,,,,,,,,,,,,,,,,,,,,,,,,,,,,,,,,,,,,,,,,,,,,,,,,,,,,,,,,,,,,,,,,,,,,,,,,,,,,,,,,,,,,,,,,,,,,,,,,,,,,,,,,,,,,,,,,,,,,,,,,,,,,,,,,,,,,,,,,,,,,,,,,,,,,,,,,,,,,,,,,,,,,,,,,,,,,,,,,,,,,,,,,,,,,,,,,,,,,,,,,,,,,,,,,,,,,,,,,,,,,,,,,,,,,,,,,,,,,,,,,,,,,,,,,,,,,,,,,,,,,,,,,,,,,,,,,,,,,,,,,,,,,,,,
469,default,",,,",default,disable,default,"a:12:{s:5:""valid"";b:1;s:3:""img"";i:470;s:2:""id"";N;s:8:""provider"";s:7:""youtube"";s:5:""title"";s:63:""Marijuana for kids: Using cannabis to treat epilepsy - BBC News"";s:6:""author"";s:8:""BBC News"";s:11:""description"";N;s:7:""img_url"";s:48:""https://i.ytimg.com/vi/ZZIzb5p6BRg/hqdefault.jpg"";s:8:""filename"";s:63:""Marijuana for kids: Using cannabis to treat epilepsy - BBC News"";s:4:""full"";s:28:""https://youtu.be/ZZIzb5p6BRg"";s:10:""parameters"";a:0:{}s:5:""noimg"";b:0;}",,4,,,,,,,,,,,,,,,,,,,,,,,,,,,,,,,,,,,,,,,,,,,,,,,,,,,,,,,,,,,,,,,,,,,,,,,,,,,,,,,,,,,,,,,,,,,,,,,,,,,,,,,,,,,,,,,,,,,,,,,,,,,,,,,,,,,,,,,,,,,,,,,,,,,,,,,,,,,,,,,,,,,,,,,,,,,,,,,,,,,,,,,,,,,,,,,,,,,,,,,,,,,,,,,,,,,,,,,,,,,,,,,,,,,,,,,,,,,,,,,,,,,,,,,,,,,,,,,,,,,,,,,,,,,,,,,,,,,,,,,,,,,,,,,,,,,,,,,,,,,,,,,,,,,,,,,,,,,,,,,,,,,,,,,,,,,,,,,,,,,,,,,,,,,,,,,,,,,,,,,,,,,,,,,,,,,,,,,,,,,,,,,,,,,,,,,,,,,,,,,,,,
472,default,",,,",default,disable,default,"a:12:{s:5:""valid"";b:1;s:3:""img"";i:473;s:2:""id"";N;s:8:""provider"";s:7:""youtube"";s:5:""title"";s:69:""CBD Miracle!! From Seizure Coma to running in days!! Cannabis Cures!!"";s:6:""author"";s:13:""thewonderdawg"";s:11:""description"";N;s:7:""img_url"";s:48:""https://i.ytimg.com/vi/wNMrhZiS2Ks/hqdefault.jpg"";s:8:""filename"";s:69:""CBD Miracle!! From Seizure Coma to running in days!! Cannabis Cures!!"";s:4:""full"";s:28:""https://youtu.be/wNMrhZiS2Ks"";s:10:""parameters"";a:0:{}s:5:""noimg"";b:0;}",,4,,,,,,,,,,,,,,,,,,,,,,,,,,,,,,,,,,,,,,,,,,,,,,,,,,,,,,,,,,,,,,,,,,,,,,,,,,,,,,,,,,,,,,,,,,,,,,,,,,,,,,,,,,,,,,,,,,,,,,,,,,,,,,,,,,,,,,,,,,,,,,,,,,,,,,,,,,,,,,,,,,,,,,,,,,,,,,,,,,,,,,,,,,,,,,,,,,,,,,,,,,,,,,,,,,,,,,,,,,,,,,,,,,,,,,,,,,,,,,,,,,,,,,,,,,,,,,,,,,,,,,,,,,,,,,,,,,,,,,,,,,,,,,,,,,,,,,,,,,,,,,,,,,,,,,,,,,,,,,,,,,,,,,,,,,,,,,,,,,,,,,,,,,,,,,,,,,,,,,,,,,,,,,,,,,,,,,,,,,,,,,,,,,,,,,,,,,,,,,,,,,
475,default,",,,",default,disable,default,"a:12:{s:5:""valid"";b:1;s:3:""img"";i:476;s:2:""id"";N;s:8:""provider"";s:7:""youtube"";s:5:""title"";s:59:""Is marijuana effective for treating children with seizures?"";s:6:""author"";s:16:""CBS Evening News"";s:11:""description"";N;s:7:""img_url"";s:48:""https://i.ytimg.com/vi/ch-xUVOG23s/hqdefault.jpg"";s:8:""filename"";s:59:""Is marijuana effective for treating children with seizures?"";s:4:""full"";s:28:""https://youtu.be/ch-xUVOG23s"";s:10:""parameters"";a:0:{}s:5:""noimg"";b:0;}",,6,,,,,,,,,,,,,,,,,,,,,,,,,,,,,,,,,,,,,,,,,,,,,,,,,,,,,,,,,,,,,,,,,,,,,,,,,,,,,,,,,,,,,,,,,,,,,,,,,,,,,,,,,,,,,,,,,,,,,,,,,,,,,,,,,,,,,,,,,,,,,,,,,,,,,,,,,,,,,,,,,,,,,,,,,,,,,,,,,,,,,,,,,,,,,,,,,,,,,,,,,,,,,,,,,,,,,,,,,,,,,,,,,,,,,,,,,,,,,,,,,,,,,,,,,,,,,,,,,,,,,,,,,,,,,,,,,,,,,,,,,,,,,,,,,,,,,,,,,,,,,,,,,,,,,,,,,,,,,,,,,,,,,,,,,,,,,,,,,,,,,,,,,,,,,,,,,,,,,,,,,,,,,,,,,,,,,,,,,,,,,,,,,,,,,,,,,,,,,,,,,,
480,default,",,,",default,disable,default,"a:12:{s:5:""valid"";b:1;s:3:""img"";i:481;s:2:""id"";N;s:8:""provider"";s:7:""youtube"";s:5:""title"";s:54:""Can cannabis oil treat a child from epilepsy? BBC News"";s:6:""author"";s:8:""BBC News"";s:11:""description"";N;s:7:""img_url"";s:48:""https://i.ytimg.com/vi/c79I75eu8D8/hqdefault.jpg"";s:8:""filename"";s:54:""Can cannabis oil treat a child from epilepsy? BBC News"";s:4:""full"";s:28:""https://youtu.be/c79I75eu8D8"";s:10:""parameters"";a:0:{}s:5:""noimg"";b:0;}",,7,,,,,,,,,,,,,,,,,,,,,,,,,,,,,,,,,,,,,,,,,,,,,,,,,,,,,,,,,,,,,,,,,,,,,,,,,,,,,,,,,,,,,,,,,,,,,,,,,,,,,,,,,,,,,,,,,,,,,,,,,,,,,,,,,,,,,,,,,,,,,,,,,,,,,,,,,,,,,,,,,,,,,,,,,,,,,,,,,,,,,,,,,,,,,,,,,,,,,,,,,,,,,,,,,,,,,,,,,,,,,,,,,,,,,,,,,,,,,,,,,,,,,,,,,,,,,,,,,,,,,,,,,,,,,,,,,,,,,,,,,,,,,,,,,,,,,,,,,,,,,,,,,,,,,,,,,,,,,,,,,,,,,,,,,,,,,,,,,,,,,,,,,,,,,,,,,,,,,,,,,,,,,,,,,,,,,,,,,,,,,,,,,,,,,,,,,,,,,,,,,,
483,default,",,,",default,disable,default,"a:12:{s:5:""valid"";b:1;s:3:""img"";i:484;s:2:""id"";N;s:8:""provider"";s:7:""youtube"";s:5:""title"";s:60:""Cannabis and Pediatric Epilepsy Treatment,  M. Gedde 9 10 14"";s:6:""author"";s:21:""Marijuana For Doctors"";s:11:""description"";N;s:7:""img_url"";s:48:""https://i.ytimg.com/vi/NT-ayDCiugI/hqdefault.jpg"";s:8:""filename"";s:60:""Cannabis and Pediatric Epilepsy Treatment,  M. Gedde 9 10 14"";s:4:""full"";s:28:""https://youtu.be/NT-ayDCiugI"";s:10:""parameters"";a:0:{}s:5:""noimg"";b:0;}",,5,,,,,,,,,,,,,,,,,,,,,,,,,,,,,,,,,,,,,,,,,,,,,,,,,,,,,,,,,,,,,,,,,,,,,,,,,,,,,,,,,,,,,,,,,,,,,,,,,,,,,,,,,,,,,,,,,,,,,,,,,,,,,,,,,,,,,,,,,,,,,,,,,,,,,,,,,,,,,,,,,,,,,,,,,,,,,,,,,,,,,,,,,,,,,,,,,,,,,,,,,,,,,,,,,,,,,,,,,,,,,,,,,,,,,,,,,,,,,,,,,,,,,,,,,,,,,,,,,,,,,,,,,,,,,,,,,,,,,,,,,,,,,,,,,,,,,,,,,,,,,,,,,,,,,,,,,,,,,,,,,,,,,,,,,,,,,,,,,,,,,,,,,,,,,,,,,,,,,,,,,,,,,,,,,,,,,,,,,,,,,,,,,,,,,,,,,,,,,,,,,,
486,default,",,,",default,disable,default,"a:12:{s:5:""valid"";b:1;s:3:""img"";i:487;s:2:""id"";N;s:8:""provider"";s:7:""youtube"";s:5:""title"";s:37:""Medical Marijuana Helps Stop Seizures"";s:6:""author"";s:11:""WEED FINDER"";s:11:""description"";N;s:7:""img_url"";s:48:""https://i.ytimg.com/vi/ZvKuO_-dEmc/hqdefault.jpg"";s:8:""filename"";s:37:""Medical Marijuana Helps Stop Seizures"";s:4:""full"";s:28:""https://youtu.be/ZvKuO_-dEmc"";s:10:""parameters"";a:0:{}s:5:""noimg"";b:0;}",,7,,,,,,,,,,,,,,,,,,,,,,,,,,,,,,,,,,,,,,,,,,,,,,,,,,,,,,,,,,,,,,,,,,,,,,,,,,,,,,,,,,,,,,,,,,,,,,,,,,,,,,,,,,,,,,,,,,,,,,,,,,,,,,,,,,,,,,,,,,,,,,,,,,,,,,,,,,,,,,,,,,,,,,,,,,,,,,,,,,,,,,,,,,,,,,,,,,,,,,,,,,,,,,,,,,,,,,,,,,,,,,,,,,,,,,,,,,,,,,,,,,,,,,,,,,,,,,,,,,,,,,,,,,,,,,,,,,,,,,,,,,,,,,,,,,,,,,,,,,,,,,,,,,,,,,,,,,,,,,,,,,,,,,,,,,,,,,,,,,,,,,,,,,,,,,,,,,,,,,,,,,,,,,,,,,,,,,,,,,,,,,,,,,,,,,,,,,,,,,,,,,
489,default,",,,",default,disable,default,"a:12:{s:5:""valid"";b:1;s:3:""img"";i:490;s:2:""id"";N;s:8:""provider"";s:7:""youtube"";s:5:""title"";s:72:""Parents, lawmakers push for marijuana oil legalization to treat seizures"";s:6:""author"";s:30:""FOX 4 News - Dallas-Fort Worth"";s:11:""description"";N;s:7:""img_url"";s:48:""https://i.ytimg.com/vi/bj55HIGa2YM/hqdefault.jpg"";s:8:""filename"";s:72:""Parents, lawmakers push for marijuana oil legalization to treat seizures"";s:4:""full"";s:28:""https://youtu.be/bj55HIGa2YM"";s:10:""parameters"";a:0:{}s:5:""noimg"";b:0;}",,6,,,,,,,,,,,,,,,,,,,,,,,,,,,,,,,,,,,,,,,,,,,,,,,,,,,,,,,,,,,,,,,,,,,,,,,,,,,,,,,,,,,,,,,,,,,,,,,,,,,,,,,,,,,,,,,,,,,,,,,,,,,,,,,,,,,,,,,,,,,,,,,,,,,,,,,,,,,,,,,,,,,,,,,,,,,,,,,,,,,,,,,,,,,,,,,,,,,,,,,,,,,,,,,,,,,,,,,,,,,,,,,,,,,,,,,,,,,,,,,,,,,,,,,,,,,,,,,,,,,,,,,,,,,,,,,,,,,,,,,,,,,,,,,,,,,,,,,,,,,,,,,,,,,,,,,,,,,,,,,,,,,,,,,,,,,,,,,,,,,,,,,,,,,,,,,,,,,,,,,,,,,,,,,,,,,,,,,,,,,,,,,,,,,,,,,,,,,,,,,,,,
495,default,",,,",default,disable,default,"a:12:{s:5:""valid"";b:1;s:3:""img"";i:528;s:2:""id"";N;s:8:""provider"";s:7:""youtube"";s:5:""title"";s:34:""Medical Marijuana and Chronic Pain"";s:6:""author"";s:14:""Intergr8Health"";s:11:""description"";N;s:7:""img_url"";s:48:""https://i.ytimg.com/vi/61XdQ6giq5k/hqdefault.jpg"";s:8:""filename"";s:34:""Medical Marijuana and Chronic Pain"";s:4:""full"";s:28:""https://youtu.be/61XdQ6giq5k"";s:10:""parameters"";a:0:{}s:5:""noimg"";b:0;}",,9,,,,,,,,,,,,,,,,,,,,,,,,,,,,,,,,,,,,,,,,,,,,,,,,,,,,,,,,,,,,,,,,,,,,,,,,,,,,,,,,,,,,,,,,,,,,,,,,,,,,,,,,,,,,,,,,,,,,,,,,,,,,,,,,,,,,,,,,,,,,,,,,,,,,,,,,,,,,,,,,,,,,,,,,,,,,,,,,,,,,,,,,,,,,,,,,,,,,,,,,,,,,,,,,,,,,,,,,,,,,,,,,,,,,,,,,,,,,,,,,,,,,,,,,,,,,,,,,,,,,,,,,,,,,,,,,,,,,,,,,,,,,,,,,,,,,,,,,,,,,,,,,,,,,,,,,,,,,,,,,,,,,,,,,,,,,,,,,,,,,,,,,,,,,,,,,,,,,,,,,,,,,,,,,,,,,,,,,,,,,,,,,,,,,,,,,,,,,,,,,,,
498,default,",,,",default,disable,default,"a:12:{s:5:""valid"";b:1;s:3:""img"";i:529;s:2:""id"";N;s:8:""provider"";s:7:""youtube"";s:5:""title"";s:74:""Cannabis Use Among Seniors to Treat Pain and Arthritis, Reduce Pill Burden"";s:6:""author"";s:17:""Our Amazing World"";s:11:""description"";N;s:7:""img_url"";s:48:""https://i.ytimg.com/vi/9oRJoYi5W9E/hqdefault.jpg"";s:8:""filename"";s:74:""Cannabis Use Among Seniors to Treat Pain and Arthritis, Reduce Pill Burden"";s:4:""full"";s:28:""https://youtu.be/9oRJoYi5W9E"";s:10:""parameters"";a:0:{}s:5:""noimg"";b:0;}",,3,,,,,,,,,,,,,,,,,,,,,,,,,,,,,,,,,,,,,,,,,,,,,,,,,,,,,,,,,,,,,,,,,,,,,,,,,,,,,,,,,,,,,,,,,,,,,,,,,,,,,,,,,,,,,,,,,,,,,,,,,,,,,,,,,,,,,,,,,,,,,,,,,,,,,,,,,,,,,,,,,,,,,,,,,,,,,,,,,,,,,,,,,,,,,,,,,,,,,,,,,,,,,,,,,,,,,,,,,,,,,,,,,,,,,,,,,,,,,,,,,,,,,,,,,,,,,,,,,,,,,,,,,,,,,,,,,,,,,,,,,,,,,,,,,,,,,,,,,,,,,,,,,,,,,,,,,,,,,,,,,,,,,,,,,,,,,,,,,,,,,,,,,,,,,,,,,,,,,,,,,,,,,,,,,,,,,,,,,,,,,,,,,,,,,,,,,,,,,,,,,,
501,default,",,,",default,disable,default,"a:12:{s:5:""valid"";b:1;s:3:""img"";i:527;s:2:""id"";N;s:8:""provider"";s:7:""youtube"";s:5:""title"";s:31:""Chronic Pain & Medical Cannabis"";s:6:""author"";s:20:""Patients Out of Time"";s:11:""description"";N;s:7:""img_url"";s:48:""https://i.ytimg.com/vi/1F6pWJnjE5A/hqdefault.jpg"";s:8:""filename"";s:31:""Chronic Pain & Medical Cannabis"";s:4:""full"";s:28:""https://youtu.be/1F6pWJnjE5A"";s:10:""parameters"";a:0:{}s:5:""noimg"";b:0;}",,4,,,,,,,,,,,,,,,,,,,,,,,,,,,,,,,,,,,,,,,,,,,,,,,,,,,,,,,,,,,,,,,,,,,,,,,,,,,,,,,,,,,,,,,,,,,,,,,,,,,,,,,,,,,,,,,,,,,,,,,,,,,,,,,,,,,,,,,,,,,,,,,,,,,,,,,,,,,,,,,,,,,,,,,,,,,,,,,,,,,,,,,,,,,,,,,,,,,,,,,,,,,,,,,,,,,,,,,,,,,,,,,,,,,,,,,,,,,,,,,,,,,,,,,,,,,,,,,,,,,,,,,,,,,,,,,,,,,,,,,,,,,,,,,,,,,,,,,,,,,,,,,,,,,,,,,,,,,,,,,,,,,,,,,,,,,,,,,,,,,,,,,,,,,,,,,,,,,,,,,,,,,,,,,,,,,,,,,,,,,,,,,,,,,,,,,,,,,,,,,,,,
504,default,",,,",default,disable,default,"a:12:{s:5:""valid"";b:1;s:3:""img"";i:526;s:2:""id"";N;s:8:""provider"";s:7:""youtube"";s:5:""title"";s:84:""Medical marijuana versus opiates for the treatment of chronic pain in the modern era"";s:6:""author"";s:9:""Maine MMJ"";s:11:""description"";N;s:7:""img_url"";s:48:""https://i.ytimg.com/vi/s22LVJWhBJQ/hqdefault.jpg"";s:8:""filename"";s:84:""Medical marijuana versus opiates for the treatment of chronic pain in the modern era"";s:4:""full"";s:28:""https://youtu.be/s22LVJWhBJQ"";s:10:""parameters"";a:0:{}s:5:""noimg"";b:0;}",,4,,,,,,,,,,,,,,,,,,,,,,,,,,,,,,,,,,,,,,,,,,,,,,,,,,,,,,,,,,,,,,,,,,,,,,,,,,,,,,,,,,,,,,,,,,,,,,,,,,,,,,,,,,,,,,,,,,,,,,,,,,,,,,,,,,,,,,,,,,,,,,,,,,,,,,,,,,,,,,,,,,,,,,,,,,,,,,,,,,,,,,,,,,,,,,,,,,,,,,,,,,,,,,,,,,,,,,,,,,,,,,,,,,,,,,,,,,,,,,,,,,,,,,,,,,,,,,,,,,,,,,,,,,,,,,,,,,,,,,,,,,,,,,,,,,,,,,,,,,,,,,,,,,,,,,,,,,,,,,,,,,,,,,,,,,,,,,,,,,,,,,,,,,,,,,,,,,,,,,,,,,,,,,,,,,,,,,,,,,,,,,,,,,,,,,,,,,,,,,,,,,
507,default,",,,",default,disable,default,"a:12:{s:5:""valid"";b:1;s:3:""img"";i:525;s:2:""id"";N;s:8:""provider"";s:7:""youtube"";s:5:""title"";s:70:""Chronic pain patients talk medical marijuana as alternative to opiates"";s:6:""author"";s:6:""WIVBTV"";s:11:""description"";N;s:7:""img_url"";s:48:""https://i.ytimg.com/vi/jgK9RTXRkmU/hqdefault.jpg"";s:8:""filename"";s:70:""Chronic pain patients talk medical marijuana as alternative to opiates"";s:4:""full"";s:28:""https://youtu.be/jgK9RTXRkmU"";s:10:""parameters"";a:0:{}s:5:""noimg"";b:0;}",,3,,,,,,,,,,,,,,,,,,,,,,,,,,,,,,,,,,,,,,,,,,,,,,,,,,,,,,,,,,,,,,,,,,,,,,,,,,,,,,,,,,,,,,,,,,,,,,,,,,,,,,,,,,,,,,,,,,,,,,,,,,,,,,,,,,,,,,,,,,,,,,,,,,,,,,,,,,,,,,,,,,,,,,,,,,,,,,,,,,,,,,,,,,,,,,,,,,,,,,,,,,,,,,,,,,,,,,,,,,,,,,,,,,,,,,,,,,,,,,,,,,,,,,,,,,,,,,,,,,,,,,,,,,,,,,,,,,,,,,,,,,,,,,,,,,,,,,,,,,,,,,,,,,,,,,,,,,,,,,,,,,,,,,,,,,,,,,,,,,,,,,,,,,,,,,,,,,,,,,,,,,,,,,,,,,,,,,,,,,,,,,,,,,,,,,,,,,,,,,,,,,
510,default,",,,",default,disable,disabled,"a:12:{s:5:""valid"";b:1;s:3:""img"";i:625;s:2:""id"";N;s:8:""provider"";s:7:""youtube"";s:5:""title"";s:67:""Rocky Mountain Miracles: Medical Marijuana Helps Patient Walk Again"";s:6:""author"";s:8:""KC Stark"";s:11:""description"";N;s:7:""img_url"";s:48:""https://i.ytimg.com/vi/z6oGHOC04uY/hqdefault.jpg"";s:8:""filename"";s:67:""Rocky Mountain Miracles: Medical Marijuana Helps Patient Walk Again"";s:4:""full"";s:28:""https://youtu.be/z6oGHOC04uY"";s:10:""parameters"";a:0:{}s:5:""noimg"";b:0;}",,5,,,,,,,,,,,,,,,,,,,,,,,,,,,,,,,,,,,,,,,,,,,,,,,,,,,,,,,,,,,,,,,,,,,,,,,,,,,,,,,,,,,,,,,,,,,,,,,,,,,,,,,,,,,,,,,,,,,,,,,,,,,,,,,,,,,,,,,,,,,,,,,,,,,,,,,,,,,,,,,,,,,,,,,,,,,,,,,,,,,,,,,,,,,,,,,,,,,,,,,,,,,,,,,,,,,,,,,,,,,,,,,,,,,,,,,,,,,,,,,,,,,,,,,,,,,,,,,,,,,,,,,,,,,,,,,,,,,,,,,,,,,,,,,,,,,,,,,,,,,,,,,,,,,,,,,,,,,,,,,,,,,,,,,,,,,,,,,,,,,,,,,,,,,,,,,,,,,,,,,,,,,,,,,,,,,,,,,,,,,,,,,,,,,,,,,,,,,,,,,,,,
514,default,",,,",default,default,default,,,,,,,,,,,,,,,,,,,,,,,,,,,,,,,,,,,,,,,,,,,,,,,,,,,,,,,,,,,,,,,,,,,,,,,,,,,,,,,,,,,,,,,,,,,,,,,,,,,,,,,,,,,,,,,,,,,,,,,,,,,,,,,,,,,,,,,,,,,,,,,,,,,,,,,,,,,,,,,,,,,,,,,,,,,,,,,,,,,,,,,,,,,,,,,,,,,,,,,,,,,,,,,,,,,,,,,,,,,,,,,,,,,,,,,,,,,,,,,,,,,,,,,,,,,,,,,,,,,,,,,,,,,,,,,,,,,,,,,,,,,,,,,,,,,,,,,,,,,,,,,,,,,,,,,,,,,,,,,,,,,,,,,,,,,,,,,,,,,,,,,,,,,,,,,,,,,,,,,,,,,,,,,,,,,,,,,,,,,,,,,,,,,,,,,,,,,,,,,,,,,,,
522,default,",,,",default,disable,disabled,"a:12:{s:5:""valid"";b:1;s:3:""img"";i:523;s:2:""id"";N;s:8:""provider"";s:7:""youtube"";s:5:""title"";s:47:""Dr. Thomas Orvald - Cannabis in Pain Management"";s:6:""author"";s:18:""Regulate Marijuana"";s:11:""description"";N;s:7:""img_url"";s:48:""https://i.ytimg.com/vi/EJsowbNoIYo/hqdefault.jpg"";s:8:""filename"";s:47:""Dr. Thomas Orvald - Cannabis in Pain Management"";s:4:""full"";s:28:""https://youtu.be/EJsowbNoIYo"";s:10:""parameters"";a:0:{}s:5:""noimg"";b:0;}",,7,,,,,,,,,,,,,,,,,,,,,,,,,,,,,,,,,,,,,,,,,,,,,,,,,,,,,,,,,,,,,,,,,,,,,,,,,,,,,,,,,,,,,,,,,,,,,,,,,,,,,,,,,,,,,,,,,,,,,,,,,,,,,,,,,,,,,,,,,,,,,,,,,,,,,,,,,,,,,,,,,,,,,,,,,,,,,,,,,,,,,,,,,,,,,,,,,,,,,,,,,,,,,,,,,,,,,,,,,,,,,,,,,,,,,,,,,,,,,,,,,,,,,,,,,,,,,,,,,,,,,,,,,,,,,,,,,,,,,,,,,,,,,,,,,,,,,,,,,,,,,,,,,,,,,,,,,,,,,,,,,,,,,,,,,,,,,,,,,,,,,,,,,,,,,,,,,,,,,,,,,,,,,,,,,,,,,,,,,,,,,,,,,,,,,,,,,,,,,,,,,,
530,default,",,,",default,disable,disabled,"a:12:{s:5:""valid"";b:1;s:3:""img"";i:531;s:2:""id"";N;s:8:""provider"";s:7:""youtube"";s:5:""title"";s:62:""Chronic Back Pain and Cannabis: Kevin Ameling of Colorado 2013"";s:6:""author"";s:18:""CannabisPatientNet"";s:11:""description"";N;s:7:""img_url"";s:48:""https://i.ytimg.com/vi/ZkHDfVQ7g-4/hqdefault.jpg"";s:8:""filename"";s:62:""Chronic Back Pain and Cannabis: Kevin Ameling of Colorado 2013"";s:4:""full"";s:28:""https://youtu.be/ZkHDfVQ7g-4"";s:10:""parameters"";a:0:{}s:5:""noimg"";b:0;}",,3,,,,,,,,,,,,,,,,,,,,,,,,,,,,,,,,,,,,,,,,,,,,,,,,,,,,,,,,,,,,,,,,,,,,,,,,,,,,,,,,,,,,,,,,,,,,,,,,,,,,,,,,,,,,,,,,,,,,,,,,,,,,,,,,,,,,,,,,,,,,,,,,,,,,,,,,,,,,,,,,,,,,,,,,,,,,,,,,,,,,,,,,,,,,,,,,,,,,,,,,,,,,,,,,,,,,,,,,,,,,,,,,,,,,,,,,,,,,,,,,,,,,,,,,,,,,,,,,,,,,,,,,,,,,,,,,,,,,,,,,,,,,,,,,,,,,,,,,,,,,,,,,,,,,,,,,,,,,,,,,,,,,,,,,,,,,,,,,,,,,,,,,,,,,,,,,,,,,,,,,,,,,,,,,,,,,,,,,,,,,,,,,,,,,,,,,,,,,,,,,,,
533,default,",,,",default,disable,disabled,"a:12:{s:5:""valid"";b:1;s:3:""img"";i:534;s:2:""id"";N;s:8:""provider"";s:7:""youtube"";s:5:""title"";s:47:""Using Cannabis in the Treatment of Chronic Pain"";s:6:""author"";s:14:""GreenBridgeMed"";s:11:""description"";N;s:7:""img_url"";s:48:""https://i.ytimg.com/vi/kkYpeCfd4SE/hqdefault.jpg"";s:8:""filename"";s:47:""Using Cannabis in the Treatment of Chronic Pain"";s:4:""full"";s:28:""https://youtu.be/kkYpeCfd4SE"";s:10:""parameters"";a:0:{}s:5:""noimg"";b:0;}",,5,,,,,,,,,,,,,,,,,,,,,,,,,,,,,,,,,,,,,,,,,,,,,,,,,,,,,,,,,,,,,,,,,,,,,,,,,,,,,,,,,,,,,,,,,,,,,,,,,,,,,,,,,,,,,,,,,,,,,,,,,,,,,,,,,,,,,,,,,,,,,,,,,,,,,,,,,,,,,,,,,,,,,,,,,,,,,,,,,,,,,,,,,,,,,,,,,,,,,,,,,,,,,,,,,,,,,,,,,,,,,,,,,,,,,,,,,,,,,,,,,,,,,,,,,,,,,,,,,,,,,,,,,,,,,,,,,,,,,,,,,,,,,,,,,,,,,,,,,,,,,,,,,,,,,,,,,,,,,,,,,,,,,,,,,,,,,,,,,,,,,,,,,,,,,,,,,,,,,,,,,,,,,,,,,,,,,,,,,,,,,,,,,,,,,,,,,,,,,,,,,,
536,default,",,,",default,disable,disabled,"a:12:{s:5:""valid"";b:1;s:3:""img"";i:537;s:2:""id"";N;s:8:""provider"";s:7:""youtube"";s:5:""title"";s:34:""Medical Marijuana Neuropathic Pain"";s:6:""author"";s:10:""Nathan Wei"";s:11:""description"";N;s:7:""img_url"";s:48:""https://i.ytimg.com/vi/F_YJxzhShNs/hqdefault.jpg"";s:8:""filename"";s:34:""Medical Marijuana Neuropathic Pain"";s:4:""full"";s:28:""https://youtu.be/F_YJxzhShNs"";s:10:""parameters"";a:0:{}s:5:""noimg"";b:0;}",,9,,,,,,,,,,,,,,,,,,,,,,,,,,,,,,,,,,,,,,,,,,,,,,,,,,,,,,,,,,,,,,,,,,,,,,,,,,,,,,,,,,,,,,,,,,,,,,,,,,,,,,,,,,,,,,,,,,,,,,,,,,,,,,,,,,,,,,,,,,,,,,,,,,,,,,,,,,,,,,,,,,,,,,,,,,,,,,,,,,,,,,,,,,,,,,,,,,,,,,,,,,,,,,,,,,,,,,,,,,,,,,,,,,,,,,,,,,,,,,,,,,,,,,,,,,,,,,,,,,,,,,,,,,,,,,,,,,,,,,,,,,,,,,,,,,,,,,,,,,,,,,,,,,,,,,,,,,,,,,,,,,,,,,,,,,,,,,,,,,,,,,,,,,,,,,,,,,,,,,,,,,,,,,,,,,,,,,,,,,,,,,,,,,,,,,,,,,,,,,,,,,
542,default,",,,",default,default,default,"a:12:{s:5:""valid"";b:1;s:3:""img"";i:543;s:2:""id"";N;s:8:""provider"";s:7:""youtube"";s:5:""title"";s:44:""Cannabis treatment for autism self agression"";s:6:""author"";s:12:""Mark Zartler"";s:11:""description"";N;s:7:""img_url"";s:48:""https://i.ytimg.com/vi/BcuZ3C9Q3Jg/hqdefault.jpg"";s:8:""filename"";s:44:""Cannabis treatment for autism self agression"";s:4:""full"";s:28:""https://youtu.be/BcuZ3C9Q3Jg"";s:10:""parameters"";a:0:{}s:5:""noimg"";b:0;}",,7,,,,,,,,,,,,,,,,,,,,,,,,,,,,,,,,,,,,,,,,,,,,,,,,,,,,,,,,,,,,,,,,,,,,,,,,,,,,,,,,,,,,,,,,,,,,,,,,,,,,,,,,,,,,,,,,,,,,,,,,,,,,,,,,,,,,,,,,,,,,,,,,,,,,,,,,,,,,,,,,,,,,,,,,,,,,,,,,,,,,,,,,,,,,,,,,,,,,,,,,,,,,,,,,,,,,,,,,,,,,,,,,,,,,,,,,,,,,,,,,,,,,,,,,,,,,,,,,,,,,,,,,,,,,,,,,,,,,,,,,,,,,,,,,,,,,,,,,,,,,,,,,,,,,,,,,,,,,,,,,,,,,,,,,,,,,,,,,,,,,,,,,,,,,,,,,,,,,,,,,,,,,,,,,,,,,,,,,,,,,,,,,,,,,,,,,,,,,,,,,,,
545,default,",,,",default,default,default,"a:12:{s:5:""valid"";b:1;s:3:""img"";i:546;s:2:""id"";N;s:8:""provider"";s:7:""youtube"";s:5:""title"";s:50:""Medical Marijuana Used To Treat Autism In Children"";s:6:""author"";s:14:""the420teaParty"";s:11:""description"";N;s:7:""img_url"";s:48:""https://i.ytimg.com/vi/nwi--2aXhnU/hqdefault.jpg"";s:8:""filename"";s:50:""Medical Marijuana Used To Treat Autism In Children"";s:4:""full"";s:28:""https://youtu.be/nwi--2aXhnU"";s:10:""parameters"";a:0:{}s:5:""noimg"";b:0;}",,7,,,,,,,,,,,,,,,,,,,,,,,,,,,,,,,,,,,,,,,,,,,,,,,,,,,,,,,,,,,,,,,,,,,,,,,,,,,,,,,,,,,,,,,,,,,,,,,,,,,,,,,,,,,,,,,,,,,,,,,,,,,,,,,,,,,,,,,,,,,,,,,,,,,,,,,,,,,,,,,,,,,,,,,,,,,,,,,,,,,,,,,,,,,,,,,,,,,,,,,,,,,,,,,,,,,,,,,,,,,,,,,,,,,,,,,,,,,,,,,,,,,,,,,,,,,,,,,,,,,,,,,,,,,,,"<iframe width=""620"" height=""465"" src=""https://www.youtube.com/embed/nwi--2aXhnU?feature=oembed"" frameborder=""0"" allowfullscreen></iframe>",1501534487,,,,,,,,,,,,,,,,,,,,,,,,,,,,,,,,,,,,,,,,,,,,,,,,,,,,,,,,,,,,,,,,,,,,,,,,,,,,,,,,,,,,,,,,,,,,,,,,,,,,,,,,,,,,,,,,,,,,,,,,,,,,,,,,,,,,
548,default,",,,",default,default,default,"a:12:{s:5:""valid"";b:1;s:3:""img"";i:549;s:2:""id"";N;s:8:""provider"";s:7:""youtube"";s:5:""title"";s:28:""Medical Marijuana and Autism"";s:6:""author"";s:29:""Tali Berman Autism Specialist"";s:11:""description"";N;s:7:""img_url"";s:48:""https://i.ytimg.com/vi/zk8JD_-uySc/hqdefault.jpg"";s:8:""filename"";s:28:""Medical Marijuana and Autism"";s:4:""full"";s:28:""https://youtu.be/zk8JD_-uySc"";s:10:""parameters"";a:0:{}s:5:""noimg"";b:0;}",,7,,,,,,,,,,,,,,,,,,,,,,,,,,,,,,,,,,,,,,,,,,,,,,,,,,,,,,,,,,,,,,,,,,,,,,,,,,,,,,,,,,,,,,,,,,,,,,,,,,,,,,,,,,,,,,,,,,,,,,,,,,,,,,,,,,,,,,,,,,,,,,,,,,,,,,,,,,,,,,,,,,,,,,,,,,,,,,,,,,,,,,,,,,,,,,,,,,,,,,,,,,,,,,,,,,,,,,,,,,,,,,,,,,,,,,,,,,,,,,,,,,,,,,,,,,,,,,,,,,,,,,,,,,,,,,,,,,,,,,,,,,,,,,,,,,,,,,,,,,,,,,,,,,,,,,,,,,,,,,,,,,,,,,,,,,,,,,,,,,,,,,,,,,,,,,,,,,,,,,,,,,,,,,,,,,,,,,,,,,,,,,,,,,,,,,,,,,,,,,,,,,
551,default,",,,",default,default,default,"a:12:{s:5:""valid"";b:1;s:3:""img"";i:552;s:2:""id"";N;s:8:""provider"";s:7:""youtube"";s:5:""title"";s:33:""Medical Cannabis for Autism Study"";s:6:""author"";s:11:""Abigail Dar"";s:11:""description"";N;s:7:""img_url"";s:48:""https://i.ytimg.com/vi/Giz_c8mmE4A/hqdefault.jpg"";s:8:""filename"";s:33:""Medical Cannabis for Autism Study"";s:4:""full"";s:28:""https://youtu.be/Giz_c8mmE4A"";s:10:""parameters"";a:0:{}s:5:""noimg"";b:0;}",,7,,,,,,,,,,,,,,,,,,,,,,,,,,,,,,,,,,,,,,,,,,,,,,,,,,,,,,,,,,,,,,,,,,,,,,,,,,,,,,,,,,,,,,,,,,,,,,,,,,,,,,,,,,,,,,,,,,,,,,,,,,,,,,,,,,,,,,,,,,,,,,,,,,,,,,,,,,,,,,,,,,,,,,,,,,,,,,,,,,,,,,,,,,,,,,,,,,,,,,,,,,,,,,,,,,,,,,,,,,,,,,,,,,,,,,,,,,,,,,,,,,,,,,,,,,,,,,,,,,,,,,,,,,,,,,,,,,,,,,,,,,,,,,,,,,,,,,,,,,,,,,,,,,,,,,,,,,,,,,,,,,,,,,,,,,,,,,,,,,,,,,,,,,,,,,,,,,,,,,,,,,,,,,,,,,,,,,,,,,,,,,,,,,,,,,,,,,,,,,,,,,
554,default,",,,",default,default,default,"a:12:{s:5:""valid"";b:1;s:3:""img"";i:555;s:2:""id"";N;s:8:""provider"";s:7:""youtube"";s:5:""title"";s:51:""CBD Oil Journey For Autism self injurious behaviors"";s:6:""author"";s:8:""Mamabear"";s:11:""description"";N;s:7:""img_url"";s:48:""https://i.ytimg.com/vi/0D-XWKFSW8E/hqdefault.jpg"";s:8:""filename"";s:51:""CBD Oil Journey For Autism self injurious behaviors"";s:4:""full"";s:28:""https://youtu.be/0D-XWKFSW8E"";s:10:""parameters"";a:0:{}s:5:""noimg"";b:0;}",,5,,,,,,,,,,,,,,,,,,,,,,,,,,,,,,,,,,,,,,,,,,,,,,,,,,,,,,,,,,,,,,,,,,,,,,,,,,,,,,,,,,,,,,,,,,,,,,,,,,,,,,,,,,,,,,,,,,,,,,,,,,,,,,,,,,,,,,,,,,,,,,,,,,,,,,,,,,,,,,,,,,,,,,,,,,,,,,,,,,,,,,,,,,,,,,,,,,,,,,,,,,,,,,,,,,,,,,,,,,,,,,,,,,,,,,,,,,,,,,,,,,,,,,,,,,,,,,,,,,,,,,,,,,,,,,,,,,,,,,,,,,,,,,,,,,,,,,,,,,,,,,,,,,,,,,,,,,,,,,,,,,,,,,,,,,,,,,,,,,,,,,,,,,,,,,,,,,,,,,,,,,,,,,,,,,,,,,,,,,,,,,,,,,,,,,,,,,,,,,,,,,
557,default,",,,",default,default,default,"a:12:{s:5:""valid"";b:1;s:3:""img"";i:558;s:2:""id"";N;s:8:""provider"";s:7:""youtube"";s:5:""title"";s:53:""Cannabis Changed This Autistic Toddler's Life Forever"";s:6:""author"";s:16:""Cannabis Capitol"";s:11:""description"";N;s:7:""img_url"";s:48:""https://i.ytimg.com/vi/YaMnNj1sg_U/hqdefault.jpg"";s:8:""filename"";s:53:""Cannabis Changed This Autistic Toddler's Life Forever"";s:4:""full"";s:28:""https://youtu.be/YaMnNj1sg_U"";s:10:""parameters"";a:0:{}s:5:""noimg"";b:0;}",,4,,,,,,,,,,,,,,,,,,,,,,,,,,,,,,,,,,,,,,,,,,,,,,,,,,,,,,,,,,,,,,,,,,,,,,,,,,,,,,,,,,,,,,,,,,,,,,,,,,,,,,,,,,,,,,,,,,,,,,,,,,,,,,,,,,,,,,,,,,,,,,,,,,,,,,,,,,,,,,,,,,,,,,,,,,,,,,,,,,,,,,,,,,,,,,,,,,,,,,,,,,,,,,,,,,,,,,,,,,,,,,,,,,,,,,,,,,,,,,,,,,,,,,,,,,,,,,,,,,,,,,,,,,,,,,,,,,,,,,,,,,,,,,,,,,,,,,,,,,,,,,,,,,,,,,,,,,,,,,,,,,,,,,,,,,,,,,,,,,,,,,,,,,,,,,,,,,,,,,,,,,,,,,,,,,,,,,,,,,,,,,,,,,,,,,,,,,,,,,,,,,
560,,,,,,"a:12:{s:5:""valid"";b:1;s:3:""img"";i:561;s:2:""id"";N;s:8:""provider"";s:7:""youtube"";s:5:""title"";s:61:""Local family using cannabis oil to treat children with autism"";s:6:""author"";s:14:""FOX 32 Chicago"";s:11:""description"";N;s:7:""img_url"";s:48:""https://i.ytimg.com/vi/93aqtNnP3oU/hqdefault.jpg"";s:8:""filename"";s:61:""Local family using cannabis oil to treat children with autism"";s:4:""full"";s:28:""https://youtu.be/93aqtNnP3oU"";s:10:""parameters"";a:0:{}s:5:""noimg"";b:0;}",builder,,,,,,,,,,,,,,,,,,,,,,,,,,,,,,,,,,,,,,,,,,,,,,,,,,,,,,,,,,,,,,,,,,,,,,,,,,,,,,,,,,,,,,,,,,,,,,,,,,,,,,,,,,,,,,,,,,,,,,,,,,,,,,,,,,,,,,,,,,,,,,,,,,,,,,,,,,,,,,,,,,,,,,,,,,,,,,,,,,,,,,,,,,,,,,,,,,,,,,,,,,,,,,,,,,,,,,,,,,,,,,,,,,,,,,,,,,,,,,,,,,,,,,,,,,,,,,,,,,,,,,,,,,,,,,,,,,,,,,,,,,,,,,,,,,,,,,,,,,,,,,,,,,,,,,,,,,,,,,,,,,,,,,,,,,,,,,,,,,,,,,,,,,,,,,,,,,,,,,,,,,,,,,,,,,,,,,,,,,,,,,,,,,,,,,,,,,,,,,,,,,,
563,default,",,,",default,default,default,"a:12:{s:5:""valid"";b:1;s:3:""img"";s:3:""561"";s:2:""id"";N;s:8:""provider"";s:7:""youtube"";s:5:""title"";s:61:""Local family using cannabis oil to treat children with autism"";s:6:""author"";s:14:""FOX 32 Chicago"";s:11:""description"";N;s:7:""img_url"";s:48:""https://i.ytimg.com/vi/93aqtNnP3oU/hqdefault.jpg"";s:8:""filename"";s:61:""Local family using cannabis oil to treat children with autism"";s:4:""full"";s:28:""https://youtu.be/93aqtNnP3oU"";s:10:""parameters"";a:0:{}s:5:""noimg"";b:0;}",,7,,,,,,,,,,,,,,,,,,,,,,,,,,,,,,,,,,,,,,,,,,,,,,,,,,,,,,,,,,,,,,,,,,,,,,,,,,,,,,,,,,,,,,,,,,,,,,,,,,,,,,,,,,,,,,,,,,,,,,,,,,,,,,,,,,,,,,,,,,,,,,,,,,,,,,,,,,,,,,,,,,,,,,,,,,,,,,,,,,,,,,,,,,,,,,,,,,,,,,,,,,,,,,,,,,,,,,,,,,,,,,,,,,,,,,,,,,,,,,,,,,,,,,,,,,,,,,,,,,,,,,,,,,,,,,,,,,,,,,,,,,,,,,,,,,,,,,,,,,,,,,,,,,,,,,,,,,,,,,,,,,,,,,,,,,,,,,,,,,,,,,,,,,,,,,,,,,,,,,,,,,,,,,,,,,,,,,,,,,,,,,,,,,,,,,,,,,,,,,,,,,
566,default,",,,",default,default,default,"a:12:{s:5:""valid"";b:1;s:3:""img"";i:567;s:2:""id"";N;s:8:""provider"";s:7:""youtube"";s:5:""title"";s:41:""Medical Marijuana Managing Violent Autism"";s:6:""author"";s:8:""The MHRC"";s:11:""description"";N;s:7:""img_url"";s:48:""https://i.ytimg.com/vi/Blb3h4AMkS8/hqdefault.jpg"";s:8:""filename"";s:41:""Medical Marijuana Managing Violent Autism"";s:4:""full"";s:28:""https://youtu.be/Blb3h4AMkS8"";s:10:""parameters"";a:0:{}s:5:""noimg"";b:0;}",,5,,,,,,,,,,,,,,,,,,,,,,,,,,,,,,,,,,,,,,,,,,,,,,,,,,,,,,,,,,,,,,,,,,,,,,,,,,,,,,,,,,,,,,,,,,,,,,,,,,,,,,,,,,,,,,,,,,,,,,,,,,,,,,,,,,,,,,,,,,,,,,,,,,,,,,,,,,,,,,,,,,,,,,,,,,,,,,,,,,,,,,,,,,,,,,,,,,,,,,,,,,,,,,,,,,,,,,,,,,,,,,,,,,,,,,,,,,,,,,,,,,,,,,,,,,,,,,,,,,,,,,,,,,,,,,,,,,,,,,,,,,,,,,,,,,,,,,,,,,,,,,,,,,,,,,,,,,,,,,,,,,,,,,,,,,,,,,,,,,,,,,,,,,,,,,,,,,,,,,,,,,,,,,,,,,,,,,,,,,,,,,,,,,,,,,,,,,,,,,,,,,
569,default,",,,",default,default,default,"a:12:{s:5:""valid"";b:1;s:3:""img"";i:570;s:2:""id"";N;s:8:""provider"";s:7:""youtube"";s:5:""title"";s:45:""Medical Marijuana Treating Autism In Children"";s:6:""author"";s:8:""The MHRC"";s:11:""description"";N;s:7:""img_url"";s:48:""https://i.ytimg.com/vi/cuyayoOqc4M/hqdefault.jpg"";s:8:""filename"";s:45:""Medical Marijuana Treating Autism In Children"";s:4:""full"";s:28:""https://youtu.be/cuyayoOqc4M"";s:10:""parameters"";a:0:{}s:5:""noimg"";b:0;}",,10,,,,,,,,,,,,,,,,,,,,,,,,,,,,,,,,,,,,,,,,,,,,,,,,,,,,,,,,,,,,,,,,,,,,,,,,,,,,,,,,,,,,,,,,,,,,,,,,,,,,,,,,,,,,,,,,,,,,,,,,,,,,,,,,,,,,,,,,,,,,,,,,,,,,,,,,,,,,,,,,,,,,,,,,,,,,,,,,,,,,,,,,,,,,,,,,,,,,,,,,,,,,,,,,,,,,,,,,,,,,,,,,,,,,,,,,,,,,,,,,,,,,,,,,,,,,,,,,,,,,,,,,,,,,,,,,,,,,,,,,,,,,,,,,,,,,,,,,,,,,,,,,,,,,,,,,,,,,,,,,,,,,,,,,,,,,,,,,,,,,,,,,,,,,,,,,,,,,,,,,,,,,,,,,,,,,,,,,,,,,,,,,,,,,,,,,,,,,,,,,,,
585,default,",,,",default,default,default,"a:12:{s:5:""valid"";b:1;s:3:""img"";i:587;s:2:""id"";N;s:8:""provider"";s:7:""youtube"";s:5:""title"";s:45:""Medical Marijuana and Parkinson's Part 3 of 3"";s:6:""author"";s:15:""Ride with Larry"";s:11:""description"";N;s:7:""img_url"";s:48:""https://i.ytimg.com/vi/zNT8Zo_sfwo/hqdefault.jpg"";s:8:""filename"";s:45:""Medical Marijuana and Parkinson's Part 3 of 3"";s:4:""full"";s:28:""https://youtu.be/zNT8Zo_sfwo"";s:10:""parameters"";a:0:{}s:5:""noimg"";b:0;}",,3,,,,,,,,,,,,,,,,,,,,,,,,,,,,,,,,,,,,,,,,,,,,,,,,,,,,,,,,,,,,,,,,,,,,,,,,,,,,,,,,,,,,,,,,,,,,,,,,,,,,,,,,,,,,,,,,,,,,,,,,,,,,,,,,,,,,,,yes,,,,,,,,,,,,,,,,,,,,,,,,,,,,,,,,,,,,,,,,,,,,,,,,,,,,,,,,,,,,,,,,,,,,,,,,,,,,,,,,,,,,,,,,,,,,,,,,,,,,,,,,,,,,,,,,,,,,,,,,,,,,,,,,,,,,,,,,,,,,,,,,,,,,,,,,,,,,,,,,,,,,,,,,,,,,,,,,,,,,,,,,,,,,,,,,,,,,,,,,,,,,,,,,,,,,,,,,,,,,,,,,,,,,,,,,,,,,,,,,,,,,,,,,,,,,,,,,,,,,,,,,,,,,
594,default,",,,",default,default,default,"a:12:{s:5:""valid"";b:1;s:3:""img"";i:595;s:2:""id"";N;s:8:""provider"";s:7:""youtube"";s:5:""title"";s:24:""Cannabis and Parkinson's"";s:6:""author"";s:14:""Parkinson's UK"";s:11:""description"";N;s:7:""img_url"";s:48:""https://i.ytimg.com/vi/2cJle9bsfV8/hqdefault.jpg"";s:8:""filename"";s:24:""Cannabis and Parkinson's"";s:4:""full"";s:28:""https://youtu.be/2cJle9bsfV8"";s:10:""parameters"";a:0:{}s:5:""noimg"";b:0;}",,9,,,,,,,,,,,,,,,,,,,,,,,,,,,,,,,,,,,,,,,,,,,,,,,,,,,,,,,,,,,,,,,,,,,,,,,,,,,,,,,,,,,,,,,,,,,,,,,,,,,,,,,,,,,,,,,,,,,,,,,,,,,,,,,,,,,,,,,,,,,,,,,,,,,,,,,,,,,,,,,,,,,,,,,,,,,,,,,,,,,,,,,,,,,,,,,,,,,,,,,,,,,,,,,,,,,,,,,,,,,,,,,,,,,,,,,,,,,,,,,,,,,,,,,,,,,,,,,,,,,,,,,,,,,,,,,,,,,,,,,,,,,,,,,,,,,,,,,,,,,,,,,,,,,,,,,,,,,,,,,,,,,,,,,,,,,,,,,,,,,,,,,,,,,,,,,,,,,,,,,,,,,,,,,,,,,,,,,,,,,,,,,,,,,,,,,,,,,,,,,,,,
597,default,",,,",default,default,default,"a:12:{s:5:""valid"";b:1;s:3:""img"";i:598;s:2:""id"";N;s:8:""provider"";s:7:""youtube"";s:5:""title"";s:58:""Parkinson's Disease tremor control with medicinal cannabis"";s:6:""author"";s:11:""Ian Frizell"";s:11:""description"";N;s:7:""img_url"";s:48:""https://i.ytimg.com/vi/rAdDdTZuNA8/hqdefault.jpg"";s:8:""filename"";s:58:""Parkinson's Disease tremor control with medicinal cannabis"";s:4:""full"";s:28:""https://youtu.be/rAdDdTZuNA8"";s:10:""parameters"";a:0:{}s:5:""noimg"";b:0;}",,5,,,,,,,,,,,,,,,,,,,,,,,,,,,,,,,,,,,,,,,,,,,,,,,,,,,,,,,,,,,,,,,,,,,,,,,,,,,,,,,,,,,,,,,,,,,,,,,,,,,,,,,,,,,,,,,,,,,,,,,,,,,,,,,,,,,,,,,,,,,,,,,,,,,,,,,,,,,,,,,,,,,,,,,,,,,,,,,,,,,,,,,,,,,,,,,,,,,,,,,,,,,,,,,,,,,,,,,,,,,,,,,,,,,,,,,,,,,,,,,,,,,,,,,,,,,,,,,,,,,,,,,,,,,,,,,,,,,,,,,,,,,,,,,,,,,,,,,,,,,,,,,,,,,,,,,,,,,,,,,,,,,,,,,,,,,,,,,,,,,,,,,,,,,,,,,,,,,,,,,,,,,,,,,,,,,,,,,,,,,,,,,,,,,,,,,,,,,,,,,,,,
600,default,",,,",default,default,default,"a:12:{s:5:""valid"";b:1;s:3:""img"";i:601;s:2:""id"";N;s:8:""provider"";s:7:""youtube"";s:5:""title"";s:70:""Parkinson's Patient Finds Better Quality of Life with Medical Cannabis"";s:6:""author"";s:7:""Marc VL"";s:11:""description"";N;s:7:""img_url"";s:48:""https://i.ytimg.com/vi/ah2l2CYlpuM/hqdefault.jpg"";s:8:""filename"";s:70:""Parkinson's Patient Finds Better Quality of Life with Medical Cannabis"";s:4:""full"";s:28:""https://youtu.be/ah2l2CYlpuM"";s:10:""parameters"";a:0:{}s:5:""noimg"";b:0;}",,7,,,,,,,,,,,,,,,,,,,,,,,,,,,,,,,,,,,,,,,,,,,,,,,,,,,,,,,,,,,,,,,,,,,,,,,,,,,,,,,,,,,,,,,,,,,,,,,,,,,,,,,,,,,,,,,,,,,,,,,,,,,,,,,,,,,,,,,,,,,,,,,,,,,,,,,,,,,,,,,,,,,,,,,,,,,,,,,,,,,,,,,,,,,,,,,,,,,,,,,,,,,,,,,,,,,,,,,,,,,,,,,,,,,,,,,,,,,,,,,,,,,,,,,,,,,,,,,,,,,,,,,,,,,,,,,,,,,,,,,,,,,,,,,,,,,,,,,,,,,,,,,,,,,,,,,,,,,,,,,,,,,,,,,,,,,,,,,,,,,,,,,,,,,,,,,,,,,,,,,,,,,,,,,,,,,,,,,,,,,,,,,,,,,,,,,,,,,,,,,,,,
603,default,",,,",default,default,default,"a:12:{s:5:""valid"";b:1;s:3:""img"";i:604;s:2:""id"";N;s:8:""provider"";s:7:""youtube"";s:5:""title"";s:36:""Parkinson's Disease and Cannabis Oil"";s:6:""author"";s:26:""Rick Simpson Phoenix Tears"";s:11:""description"";N;s:7:""img_url"";s:48:""https://i.ytimg.com/vi/XP5yxaVksbY/hqdefault.jpg"";s:8:""filename"";s:36:""Parkinson's Disease and Cannabis Oil"";s:4:""full"";s:28:""https://youtu.be/XP5yxaVksbY"";s:10:""parameters"";a:0:{}s:5:""noimg"";b:0;}",,7,,,,,,,,,,,,,,,,,,,,,,,,,,,,,,,,,,,,,,,,,,,,,,,,,,,,,,,,,,,,,,,,,,,,,,,,,,,,,,,,,,,,,,,,,,,,,,,,,,,,,,,,,,,,,,,,,,,,,,,,,,,,,,,,,,,,,,,,,,,,,,,,,,,,,,,,,,,,,,,,,,,,,,,,,,,,,,,,,,,,,,,,,,,,,,,,,,,,,,,,,,,,,,,,,,,,,,,,,,,,,,,,,,,,,,,,,,,,,,,,,,,,,,,,,,,,,,,,,,,,,,,,,,,,,,,,,,,,,,,,,,,,,,,,,,,,,,,,,,,,,,,,,,,,,,,,,,,,,,,,,,,,,,,,,,,,,,,,,,,,,,,,,,,,,,,,,,,,,,,,,,,,,,,,,,,,,,,,,,,,,,,,,,,,,,,,,,,,,,,,,,
606,default,",,,",default,default,default,"a:12:{s:5:""valid"";b:1;s:3:""img"";i:607;s:2:""id"";N;s:8:""provider"";s:7:""youtube"";s:5:""title"";s:72:""Cannabis & Parkinson's Disease: Growing Like a Weed - Maureen Leehey, MD"";s:6:""author"";s:48:""University of Colorado Movement Disorders Center"";s:11:""description"";N;s:7:""img_url"";s:48:""https://i.ytimg.com/vi/REmATd2qthQ/hqdefault.jpg"";s:8:""filename"";s:72:""Cannabis & Parkinson's Disease: Growing Like a Weed - Maureen Leehey, MD"";s:4:""full"";s:28:""https://youtu.be/REmATd2qthQ"";s:10:""parameters"";a:0:{}s:5:""noimg"";b:0;}",,6,,,,,,,,,,,,,,,,,,,,,,,,,,,,,,,,,,,,,,,,,,,,,,,,,,,,,,,,,,,,,,,,,,,,,,,,,,,,,,,,,,,,,,,,,,,,,,,,,,,,,,,,,,,,,,,,,,,,,,,,,,,,,,,,,,,,,,,,,,,,,,,,,,,,,,,,,,,,,,,,,,,,,,,,,,,,,,,,,,,,,,,,,,,,,,,,,,,,,,,,,,,,,,,,,,,,,,,,,,,,,,,,,,,,,,,,,,,,,,,,,,,,,,,,,,,,,,,,,,,,,,,,,,,,,,,,,,,,,,,,,,,,,,,,,,,,,,,,,,,,,,,,,,,,,,,,,,,,,,,,,,,,,,,,,,,,,,,,,,,,,,,,,,,,,,,,,,,,,,,,,,,,,,,,,,,,,,,,,,,,,,,,,,,,,,,,,,,,,,,,,,
609,default,",,,",default,default,default,"a:12:{s:5:""valid"";b:1;s:3:""img"";i:612;s:2:""id"";N;s:8:""provider"";s:7:""youtube"";s:5:""title"";s:25:""Parkinsons  with Hemp Oil"";s:6:""author"";s:11:""Roland Duby"";s:11:""description"";N;s:7:""img_url"";s:48:""https://i.ytimg.com/vi/yXg1huWisKI/hqdefault.jpg"";s:8:""filename"";s:25:""Parkinsons  with Hemp Oil"";s:4:""full"";s:28:""https://youtu.be/yXg1huWisKI"";s:10:""parameters"";a:0:{}s:5:""noimg"";b:0;}",,5,,,,,,,,,,,,,,,,,,,,,,,,,,,,,,,,,,,,,,,,,,,,,,,,,,,,,,,,,,,,,,,,,,,,,,,,,,,,,,,,,,,,,,,,,,,,,,,,,,,,,,,,,,,,,,,,,,,,,,,,,,,,,,,,,,,,,,,,,,,,,,,,,,,,,,,,,,,,,,,,,,,,,,,,,,,,,,,,,,,,,,,,,,,,,,,,,,,,,,,,,,,,,,,,,,,,,,,,,,,,,,,,,,,,,,,,,,,,,,,,,,,,,,,,,,,,,,,,,,,,,,,,,,,,,,,,,,,,,,,,,,,,,,,,,,,,,,,,,,,,,,,,,,,,,,,,,,,,,,,,,,,,,,,,,,,,,,,,,,,,,,,,,,,,,,,,,,,,,,,,,,,,,,,,,,,,,,,,,,,,,,,,,,,,,,,,,,,,,,,,,,
614,default,",,,",default,default,default,"a:12:{s:5:""valid"";b:1;s:3:""img"";i:615;s:2:""id"";N;s:8:""provider"";s:7:""youtube"";s:5:""title"";s:48:""Cannabis Slows Parkinson’s Disease Progression"";s:6:""author"";s:12:""Cannabis.Net"";s:11:""description"";N;s:7:""img_url"";s:48:""https://i.ytimg.com/vi/2VACOR79dpc/hqdefault.jpg"";s:8:""filename"";s:48:""Cannabis Slows Parkinson’s Disease Progression"";s:4:""full"";s:28:""https://youtu.be/2VACOR79dpc"";s:10:""parameters"";a:0:{}s:5:""noimg"";b:0;}",,10,,,,,,,,,,,,,,,,,,,,,,,,,,,,,,,,,,,,,,,,,,,,,,,,,,,,,,,,,,,,,,,,,,,,,,,,,,,,,,,,,,,,,,,,,,,,,,,,,,,,,,,,,,,,,,,,,,,,,,,,,,,,,,,,,,,,,,,,,,,,,,,,,,,,,,,,,,,,,,,,,,,,,,,,,,,,,,,,,,,,,,,,,,,,,,,,,,,,,,,,,,,,,,,,,,,,,,,,,,,,,,,,,,,,,,,,,,,,,,,,,,,,,,,,,,,,,,,,,,,,,,,,,,,,,,,,,,,,,,,,,,,,,,,,,,,,,,,,,,,,,,,,,,,,,,,,,,,,,,,,,,,,,,,,,,,,,,,,,,,,,,,,,,,,,,,,,,,,,,,,,,,,,,,,,,,,,,,,,,,,,,,,,,,,,,,,,,,,,,,,,,
617,default,",,,",default,default,default,"a:12:{s:5:""valid"";b:1;s:3:""img"";i:618;s:2:""id"";N;s:8:""provider"";s:7:""youtube"";s:5:""title"";s:54:""AUSTRALIA: Parkinson's sufferer seeking legal cannabis"";s:6:""author"";s:23:""Cannabis Club Australia"";s:11:""description"";N;s:7:""img_url"";s:48:""https://i.ytimg.com/vi/xe8jTg2MKDE/hqdefault.jpg"";s:8:""filename"";s:54:""AUSTRALIA: Parkinson's sufferer seeking legal cannabis"";s:4:""full"";s:28:""https://youtu.be/xe8jTg2MKDE"";s:10:""parameters"";a:0:{}s:5:""noimg"";b:0;}",,5,,,,,,,,,,,,,,,,,,,,,,,,,,,,,,,,,,,,,,,,,,,,,,,,,,,,,,,,,,,,,,,,,,,,,,,,,,,,,,,,,,,,,,,,,,,,,,,,,,,,,,,,,,,,,,,,,,,,,,,,,,,,,,,,,,,,,,,,,,,,,,,,,,,,,,,,,,,,,,,,,,,,,,,,,,,,,,,,,,,,,,,,,,,,,,,,,,,,,,,,,,,,,,,,,,,,,,,,,,,,,,,,,,,,,,,,,,,,,,,,,,,,,,,,,,,,,,,,,,,,,,,,,,,,,,,,,,,,,,,,,,,,,,,,,,,,,,,,,,,,,,,,,,,,,,,,,,,,,,,,,,,,,,,,,,,,,,,,,,,,,,,,,,,,,,,,,,,,,,,,,,,,,,,,,,,,,,,,,,,,,,,,,,,,,,,,,,,,,,,,,,
620,default,",,,",default,default,default,"a:12:{s:5:""valid"";b:1;s:3:""img"";i:621;s:2:""id"";N;s:8:""provider"";s:7:""youtube"";s:5:""title"";s:23:""Cannabis For Parkinsons"";s:6:""author"";s:27:""Australian Cannabis Council"";s:11:""description"";N;s:7:""img_url"";s:48:""https://i.ytimg.com/vi/5otT74z00gE/hqdefault.jpg"";s:8:""filename"";s:23:""Cannabis For Parkinsons"";s:4:""full"";s:28:""https://youtu.be/5otT74z00gE"";s:10:""parameters"";a:0:{}s:5:""noimg"";b:0;}",,13,,,,,,,,,,,,,,,,,,,,,,,,,,,,,,,,,,,,,,,,,,,,,,,,,,,,,,,,,,,,,,,,,,,,,,,,,,,,,,,,,,,,,,,,,,,,,,,,,,,,,,,,,,,,,,,,,,,,,,,,,,,,,,,,,,,,,,,,,,,,,,,,,,,,,,,,,,,,,,,,,,,,,,,,,,,,,,,,,,,,,,,,,,,,,,,,,,,,,,,,,,,,,,,,,,,,,,,,,,,,,,,,,,,,,,,,,,,,,,,,,,,,,,,,,,,,,,,,,,,,,,,,,,,,,,,,,,,,,,,,,,,,,,,,,,,,,,,,,,,,,,,,,,,,,,,,,,,,,,,,,,,,,,,,,,,,,,,,,,,,,,,,,,,,,,,,,,,,,,,,,,,,,,,,,,,,,,,,,,,,,,,,,,,,,,,,,,,,,,,,,,
665,default,",,,",,,,,,26,,,,,,,,,,,,,,,,,,,,,,,,,,,,,,,,,,,,,,,,,,,,,,,,,,,,,,,,,,,,,,,,,,,,,,,,,,,,,,,,,,,,,,,,,,,,,,,,,,,,,,,,,,,,,,,,,,,,,,,,,,,,,,,,,,,,,,,,,,,,,,,,,,,,,,,,,,,,,,,,,,,,,,,,,,,,,,,,,,,,,,,,,,,,,,,,,,,,,,,,,,,,,,,,,,,,,,,,,,,,,,,,,,,,,,,,,,,,,,,,,,,,,,,,,,,,,,,,,,,,,,,,,,,,,,,,,,,,,,,,,,,,,,,,,,,,,,,,,,,,,,,,,,,,,,,,,,,,,,,,,,,,,,,,,,,,,,,,,,,,,,,,,,,,,,,,,,,,,,,,,,,,,,,,,,,,,,,,,,,,,,,,,,,,,,,,,,,,,,,,,,
686,default,",,,",default,default,default,"a:12:{s:5:""valid"";b:1;s:3:""img"";s:3:""684"";s:2:""id"";N;s:8:""provider"";s:7:""youtube"";s:5:""title"";s:40:""Cannabis Oil and MS (Multiple Sclerosis)"";s:6:""author"";s:26:""Rick Simpson Phoenix Tears"";s:11:""description"";N;s:7:""img_url"";s:48:""https://i.ytimg.com/vi/SmAwKP-sz34/hqdefault.jpg"";s:8:""filename"";s:40:""Cannabis Oil and MS (Multiple Sclerosis)"";s:4:""full"";s:28:""https://youtu.be/SmAwKP-sz34"";s:10:""parameters"";a:0:{}s:5:""noimg"";b:0;}",,8,,,,,,,,,,,,,,,,,,,,,,,,,,,,,,,,,,,,,,,,,,,,,,,,,,,,,,,,,,,,,,,,,,,,,,,,,,,,,,,,,,,,,,,,,,,,,,,,,,,,,,,,,,,,,,,,,,,,,,,,,,,,,,,,,,,,,,,,,,,,,,,,,,,,,,,,,,,,,,,,,,,,,,,,,,,,,,,,,,,,,,,,,,,,,,,,,,,,,,,,,,,,,,,,,,,,,,,,,,,,,,,,,,,,,,,,,,,,,,,,,,,,,,,,,,,,,,,,,,,,,,,,,,,,,,,,,,,,,,,,,,,,,,,,,,,,,,,,,,,,,,,,,,,,,,,,,,,,,,,,,,,,,,,,,,,,,,,,,,,,,,,,,,,,,,,,,,,,,,,,,,,,,,,,,,,,,,,,,,,,,,,,,,,,,,,,,,,,,,,,,,
706,default,",,,",default,default,default,"a:12:{s:5:""valid"";b:1;s:3:""img"";i:707;s:2:""id"";N;s:8:""provider"";s:7:""youtube"";s:5:""title"";s:53:""Doctor Sue Sisley Studies Treating PTSD with Cannabis"";s:6:""author"";s:21:""Cannabis Saves Lives!"";s:11:""description"";N;s:7:""img_url"";s:48:""https://i.ytimg.com/vi/UVmTqnn1Rr4/hqdefault.jpg"";s:8:""filename"";s:53:""Doctor Sue Sisley Studies Treating PTSD with Cannabis"";s:4:""full"";s:28:""https://youtu.be/UVmTqnn1Rr4"";s:10:""parameters"";a:0:{}s:5:""noimg"";b:0;}",,10,,,,,,,,,,,,,,,,,,,,,,,,,,,,,,,,,,,,,,,,,,,,,,,,,,,,,,,,,,,,,,,,,,,,,,,,,,,,,,,,,,,,,,,,,,,,,,,,,,,,,,,,,,,,,,,,,,,,,,,,,,,,,,,,,,,,,,,,,,,,,,,,,,,,,,,,,,,,,,,,,,,,,,,,,,,,,,,,,,,,,,,,,,,,,,,,,,,,,,,,,,,,,,,,,,,,,,,,,,,,,,,,,,,,,,,,,,,,,,,,,,,,,,,,,,,,,,,,,,,,,,,,,,,,,,,,,,,,,,,,,,,,,,,,,,,,,,,,,,,,,,,,,,,,,,,,,,,,,,,,,,,,,,,,,,,,,,,,,,,,,,,,,,,,,,,,,,,,,,,,,,,,,,,,,,,,,,,,,,,,,,,,,,,,,,,,,,,,,,,,,,
711,default,",,,",default,default,default,"a:12:{s:5:""valid"";b:1;s:3:""img"";i:712;s:2:""id"";N;s:8:""provider"";s:7:""youtube"";s:5:""title"";s:28:""Cannabis, CBD and Depression"";s:6:""author"";s:9:""WEED VIDS"";s:11:""description"";N;s:7:""img_url"";s:48:""https://i.ytimg.com/vi/v40C4d00ClQ/hqdefault.jpg"";s:8:""filename"";s:28:""Cannabis, CBD and Depression"";s:4:""full"";s:28:""https://youtu.be/v40C4d00ClQ"";s:10:""parameters"";a:0:{}s:5:""noimg"";b:0;}",,10,,,,,,,,,,,,,,,,,,,,,,,,,,,,,,,,,,,,,,,,,,,,,,,,,,,,,,,,,,,,,,,,,,,,,,,,,,,,,,,,,,,,,,,,,,,,,,,,,,,,,,,,,,,,,,,,,,,,,,,,,,,,,,,,,,,,,,,,,,,,,,,,,,,,,,,,,,,,,,,,,,,,,,,,,,,,,,,,,,,,,,,,,,,,,,,,,,,,,,,,,,,,,,,,,,,,,,,,,,,,,,,,,,,,,,,,,,,,,,,,,,,,,,,,,,,,,,,,,,,,,,,,,,,,,,,,,,,,,,,,,,,,,,,,,,,,,,,,,,,,,,,,,,,,,,,,,,,,,,,,,,,,,,,,,,,,,,,,,,,,,,,,,,,,,,,,,,,,,,,,,,,,,,,,,,,,,,,,,,,,,,,,,,,,,,,,,,,,,,,,,,
880,default,",,,",,,,"a:12:{s:5:""valid"";b:1;s:3:""img"";N;s:2:""id"";N;s:8:""provider"";s:7:""youtube"";s:5:""title"";s:53:""Doctor Sue Sisley Studies Treating PTSD with Cannabis"";s:6:""author"";s:21:""Cannabis Saves Lives!"";s:11:""description"";N;s:7:""img_url"";s:48:""https://i.ytimg.com/vi/UVmTqnn1Rr4/hqdefault.jpg"";s:8:""filename"";s:53:""Doctor Sue Sisley Studies Treating PTSD with Cannabis"";s:4:""full"";s:28:""https://youtu.be/UVmTqnn1Rr4"";s:10:""parameters"";a:0:{}s:5:""noimg"";b:1;}",,,,,,,,,,,,,,,,,,,,,,,,,,,,,,,,,,,,,,,,,,,,,,,,,,,,,,,,,,,,,,,,,,,,,,,,,,,,,,,,,,,,,,,,,,,,,,,,,,,,,,,,,,,,,,,,,,,,,,,,,,,,,,,,,,,,,,,,,,,http://doctors.christiansforcbd.com/,,,,,,,,,,,,,,,,,,,,,,,,,,,,,,,,,,,,,,,,,,,,,,,,,,,,,,,,,,,,,,,,,,,,,,,,,,,,,,,,,,,,,,,,,,,,,,,,,,,,,,,,,,,,,,,,,,,,,,,,,,,,,,,,,,,,,,,,,,,,,,,,,,,,,,,,,,,,,,,,,,,,,,,,,,,,,,,,,,,,,,,,,,,,,,,,,,,,,,,,,,,,,,,,,,,,,,,,,,,,,,,,,,,,,,,,,,,,,,,,,,,,,,,,,,,,,,,,,,,,,,,,,
884,default,",,,",,,,"a:12:{s:5:""valid"";b:1;s:3:""img"";i:913;s:2:""id"";N;s:8:""provider"";s:7:""youtube"";s:5:""title"";s:85:""WATCH: Cannatol Rx Cannabis Nasal Spray Stops Childrens’ Seizures Within 20 Seconds"";s:6:""author"";s:11:""Cannatol Rx"";s:11:""description"";N;s:7:""img_url"";s:48:""https://i.ytimg.com/vi/yCMzooTvLZM/hqdefault.jpg"";s:8:""filename"";s:85:""WATCH: Cannatol Rx Cannabis Nasal Spray Stops Childrens’ Seizures Within 20 Seconds"";s:4:""full"";s:28:""https://youtu.be/yCMzooTvLZM"";s:10:""parameters"";a:0:{}s:5:""noimg"";b:0;}",,,,,,,,,,,,,,,,,,,,,,,,,,,,,,,,,,,,,,,,,,,,,,,,,,,,,,,,,,,,,,,,,,,,,,,,,,,,,,,,,,,,,,,,,,,,,,,,,,,,,,,,,,,,,,,,,,,,,,,,,,,,,,,,,,,,,,,,,,,http://epilepsy.christiansforcbd.com/,,,,,,,,,,,,,,,,,,,,,,,,,,,,,,,,,,,,,,,,,,,,,,,,,,,,,,,,,,,,,,,,,,,,,,,,,,,,,,,,,,,,,,,,,,,,,,,,,,,,,,,,,,,,,,,,,,,,,,,,,,,,,,,,,,,,,,,,,,,,,,,,,,,,,,,,,,,,,,,,,,,,,,,,,,,,,,,,,,,,,,,,,,,,,,,,,,,,,,,,,,,,,,,,,,,,,,,,,,,,,,,,,,,,,,,,,,,,,,,,,,,,,,,,,,,,,,,,,,,,,,,,,
888,default,",,,",,,,"a:12:{s:5:""valid"";b:1;s:3:""img"";N;s:2:""id"";N;s:8:""provider"";s:7:""youtube"";s:5:""title"";s:57:""Modesto father credits cannabis oil for saving son's life"";s:6:""author"";s:9:""KCRA News"";s:11:""description"";N;s:7:""img_url"";s:48:""https://i.ytimg.com/vi/i4hPuxwrRko/hqdefault.jpg"";s:8:""filename"";s:57:""Modesto father credits cannabis oil for saving son's life"";s:4:""full"";s:28:""https://youtu.be/i4hPuxwrRko"";s:10:""parameters"";a:0:{}s:5:""noimg"";b:1;}",,,,,,,,,,,,,,,,,,,,,,,,,,,,,,,,,,,,,,,,,,,,,,,,,,,,,,,,,,,,,,,,,,,,,,,,,,,,,,,,,,,,,,,,,,,,,,,,,,,,,,,,,,,,,,,,,,,,,,,,,,,,,,,,,,,,,,,,,,,http://autism.christiansforcbd.com/,,,,,,,,,,,,,,,,,,,,,,,,,,,,,,,,,,,,,,,,,,,,,,,,,,,,,,,,,,,,,,,,,,,,,,,,,,,,,,,,,,,,,,,,,,,,,,,,,,,,,,,,,,,,,,,,,,,,,,,,,,,,,,,,,,,,,,,,,,,,,,,,,,,,,,,,,,,,,,,,,,,,,,,,,,,,,,,,,,,,,,,,,,,,,,,,,,,,,,,,,,,,,,,,,,,,,,,,,,,,,,,,,,,,,,,,,,,,,,,,,,,,,,,,,,,,,,,,,,,,,,,,,
893,default,",,,",,,,"a:12:{s:5:""valid"";b:1;s:3:""img"";N;s:2:""id"";N;s:8:""provider"";s:7:""youtube"";s:5:""title"";s:39:""Mom: Medical marijuana saved my ill son"";s:6:""author"";s:3:""CNN"";s:11:""description"";N;s:7:""img_url"";s:48:""https://i.ytimg.com/vi/98pQ04ZNIiI/hqdefault.jpg"";s:8:""filename"";s:39:""Mom: Medical marijuana saved my ill son"";s:4:""full"";s:28:""https://youtu.be/98pQ04ZNIiI"";s:10:""parameters"";a:0:{}s:5:""noimg"";b:1;}",,,,,,,,,,,,,,,,,,,,,,,,,,,,,,,,,,,,,,,,,,,,,,,,,,,,,,,,,,,,,,,,,,,,,,,,,,,,,,,,,,,,,,,,,,,,,,,,,,,,,,,,,,,,,,,,,,,,,,,,,,,,,,,,,,,,,,,,,,,http://cancer.christiansforcbd.com/,,,,,,,,,,,,,,,,,,,,,,,,,,,,,,,,,,,,,,,,,,,,,,,,,,,,,,,,,,,,,,,,,,,,,,,,,,,,,,,,,,,,,,,,,,,,,,,,,,,,,,,,,,,,,,,,,,,,,,,,,,,,,,,,,,,,,,,,,,,,,,,,,,,,,,,,,,,,,,,,,,,,,,,,,,,,,,,,,,,,,,,,,,,,,,,,,,,,,,,,,,,,,,,,,,,,,,,,,,,,,,,,,,,,,,,,,,,,,,,,,,,,,,,,,,,,,,,,,,,,,,,,,
896,default,",,,",,,,"a:12:{s:5:""valid"";b:1;s:3:""img"";N;s:2:""id"";N;s:8:""provider"";s:7:""youtube"";s:5:""title"";s:42:""How CBD Oil Helped David Wells Manage Pain"";s:6:""author"";s:11:""ThePostGame"";s:11:""description"";N;s:7:""img_url"";s:48:""https://i.ytimg.com/vi/7Hmr1_bfBhc/hqdefault.jpg"";s:8:""filename"";s:42:""How CBD Oil Helped David Wells Manage Pain"";s:4:""full"";s:28:""https://youtu.be/7Hmr1_bfBhc"";s:10:""parameters"";a:0:{}s:5:""noimg"";b:1;}",,,,,,,,,,,,,,,,,,,,,,,,,,,,,,,,,,,,,,,,,,,,,,,,,,,,,,,,,,,,,,,,,,,,,,,,,,,,,,,,,,,,,,,,,,,,,,,,,,,,,,,,,,,,,,,,,,,,,,,,,,,,,,,,,,,,,,,,,,,http://pain.christiansforcbd.com/,,,,,,,,,,,,,,,,,,,,,,,,,,,,,,,,,,,,,,,,,,,,,,,,,,,,,,,,,,,,,,,,,,,,,,,,,,,,,,,,,,,,,,,,,,,,,,,,,,,,,,,,,,,,,,,,,,,,,,,,,,,,,,,,,,,,,,,,,,,,,,,,,,,,,,,,,,,,,,,,,,,,,,,,,,,,,,,,,,,,,,,,,,,,,,,,,,,,,,,,,,,,,,,,,,,,,,,,,,,,,,,,,,,,,,,,,,,,,,,,,,,,,,,,,,,,,,,,,,,,,,,,,
900,default,",,,",,,,,,,,,,,,,,,,,,,,,,,,,,,,,,,,,,,,,,,,,,,,,,,,,,,,,,,,,,,,,,,,,,,,,,,,,,,,,,,,,,,,,,,,,,,,,,,,,,,,,,,,,,,,,,,,,,,,,,,,,,,,,,,,,,,,,,,,,,,,,,,http://parkinsons.christiansforcbd.com/,,,,,,,,,,,,,,,,,,,,,,,,,,,,,,,,,,,,,,,,,,,,,,,,,,,,,,,,,,,,,,,,,,,,,,,,,,,,,,,,,,,,,,,,,,,,,,,,,,,,,,,,,,,,,,,,,,,,,,,,,,,,,,,,,,,,,,,,,,,,,,,,,,,,,,,,,,,,,,,,,,,,,,,,,,,,,,,,,,,,,,,,,,,,,,,,,,,,,,,,,,,,,,,,,,,,,,,,,,,,,,,,,,,,,,,,,,,,,,,,,,,,,,,,,,,,,,,,,,,,,,,,,
1040,default,",,,",,,,,,18,2,,,,,,,,,,,,,,,,,,,,,,,,,,,,,,,,,,,,,,,,,,,,,,,,,,,,,,,,,,,,,,,,,,,,,,,,,,,,,,,,,,,,,,,,,,,,,,,,,,,,,,,,,,,,,,,,,,,,,,,,,,,,,,,,,,,,,,,,,,,,,,,,,,,,,,,,,,,,,,,,,,,,,,,,,,,,,,,,,,,,,,,,,,,,,,,,,,,,,,,,,,,,,,,,,,,,,,,,,,,,,,,,,,,,,,,,,,,,,,,,,,,,,,,,,,,,,,,,,,,,,,,,,,,,,,,,,,,,,,,,,,,,,,,,,,,,,,,,,,,,,,,,,,,,,,,,,,,,,,,,,,,,,,,,,,,,,,,,,,,,,,,,,,,,,,,,,,,,,,,,,,,,,,,,,,,,,,,,,,,,,,,,,,,,,,,,,,,,,,,,,
1048,default,",,,",,,,,,,,,,,,,,,,,,,,,,,,,,,,,,,,,,,,,,,,,,,,,,,,,,,,,,,,,,,,,,,,,,,,,,,,,,,,,,,,,,,,,,,,,,,,,,,,,,,,,,,,,,,,,,,,,,,,,,,,,,,,,,,,,,,,,,,,,,,,,,,http://ms.christiansforcbd.com,,,,,,,,,,,,,,,,,,,,,,,,,,,,,,,,,,,,,,,,,,,,,,,,,,,,,,,,,,,,,,,,,,,,,,,,,,,,,,,,,,,,,,,,,,,,,,,,,,,,,,,,,,,,,,,,,,,,,,,,,,,,,,,,,,,,,,,,,,,,,,,,,,,,,,,,,,,,,,,,,,,,,,,,,,,,,,,,,,,,,,,,,,,,,,,,,,,,,,,,,,,,,,,,,,,,,,,,,,,,,,,,,,,,,,,,,,,,,,,,,,,,,,,,,,,,,,,,,,,,,,,,,
1053,default,",,,",,,,,,,,,,,,,,,,,,,,,,,,,,,,,,,,,,,,,,,,,,,,,,,,,,,,,,,,,,,,,,,,,,,,,,,,,,,,,,,,,,,,,,,,,,,,,,,,,,,,,,,,,,,,,,,,,,,,,,,,,,,,,,,,,,,,,,,,,,,,,,,http://alzheimers.christiansforcbd.com,1,,,,,,,,,,,,,,,,,,,,,,,,,,,,,,,,,,,,,,,,,,,,,,,,,,,,,,,,,,,,,,,,,,,,,,,,,,,,,,,,,,,,,,,,,,,,,,,,,,,,,,,,,,,,,,,,,,,,,,,,,,,,,,,,,,,,,,,,,,,,,,,,,,,,,,,,,,,,,,,,,,,,,,,,,,,,,,,,,,,,,,,,,,,,,,,,,,,,,,,,,,,,,,,,,,,,,,,,,,,,,,,,,,,,,,,,,,,,,,,,,,,,,,,,,,,,,,,,,,,,,,,,
1055,default,",,,",,,,,,,,,,,,,,,,,,,,,,,,,,,,,,,,,,,,,,,,,,,,,,,,,,,,,,,,,,,,,,,,,,,,,,,,,,,,,,,,,,,,,,,,,,,,,,,,,,,,,,,,,,,,,,,,,,,,,,,,,,,,,,,,,,,,,,,,,,,,,,,http://ptsd.christiansforcbd.com,,,,,,,,,,,,,,,,,,,,,,,,,,,,,,,,,,,,,,,,,,,,,,,,,,,,,,,,,,,,,,,,,,,,,,,,,,,,,,,,,,,,,,,,,,,,,,,,,,,,,,,,,,,,,,,,,,,,,,,,,,,,,,,,,,,,,,,,,,,,,,,,,,,,,,,,,,,,,,,,,,,,,,,,,,,,,,,,,,,,,,,,,,,,,,,,,,,,,,,,,,,,,,,,,,,,,,,,,,,,,,,,,,,,,,,,,,,,,,,,,,,,,,,,,,,,,,,,,,,,,,,,,
1057,default,",,,",,,,,,,,,,,,,,,,,,,,,,,,,,,,,,,,,,,,,,,,,,,,,,,,,,,,,,,,,,,,,,,,,,,,,,,,,,,,,,,,,,,,,,,,,,,,,,,,,,,,,,,,,,,,,,,,,,,,,,,,,,,,,,,,,,,,,,,,,,,,,,,http://anxiety.christiansforcbd.com,,,,,,,,,,,,,,,,,,,,,,,,,,,,,,,,,,,,,,,,,,,,,,,,,,,,,,,,,,,,,,,,,,,,,,,,,,,,,,,,,,,,,,,,,,,,,,,,,,,,,,,,,,,,,,,,,,,,,,,,,,,,,,,,,,,,,,,,,,,,,,,,,,,,,,,,,,,,,,,,,,,,,,,,,,,,,,,,,,,,,,,,,,,,,,,,,,,,,,,,,,,,,,,,,,,,,,,,,,,,,,,,,,,,,,,,,,,,,,,,,,,,,,,,,,,,,,,,,,,,,,,,,
1061,default,",,,",,,,,,,,,,,,,,,,,,,,,,,,,,,,,,,,,,,,,,,,,,,,,,,,,,,,,,,,,,,,,,,,,,,,,,,,,,,,,,,,,,,,,,,,,,,,,,,,,,,,,,,,,,,,,,,,,,,,,,,,,,,,,,,,,,,,,,,,,,,,,,,http://tbi.christiansforcbd.com,,,,,,,,,,,,,,,,,,,,,,,,,,,,,,,,,,,,,,,,,,,,,,,,,,,,,,,,,,,,,,,,,,,,,,,,,,,,,,,,,,,,,,,,,,,,,,,,,,,,,,,,,,,,,,,,,,,,,,,,,,,,,,,,,,,,,,,,,,,,,,,,,,,,,,,,,,,,,,,,,,,,,,,,,,,,,,,,,,,,,,,,,,,,,,,,,,,,,,,,,,,,,,,,,,,,,,,,,,,,,,,,,,,,,,,,,,,,,,,,,,,,,,,,,,,,,,,,,,,,,,,,,
1064,default,",,,",,,,,,,,,,,,,,,,,,,,,,,,,,,,,,,,,,,,,,,,,,,,,,,,,,,,,,,,,,,,,,,,,,,,,,,,,,,,,,,,,,,,,,,,,,,,,,,,,,,,,,,,,,,,,,,,,,,,,,,,,,,,,,,,,,,,,,,,,,,,,,,http://depression.christiansforcbd.com,,,,,,,,,,,,,,,,,,,,,,,,,,,,,,,,,,,,,,,,,,,,,,,,,,,,,,,,,,,,,,,,,,,,,,,,,,,,,,,,,,,,,,,,,,,,,,,,,,,,,,,,,,,,,,,,,,,,,,,,,,,,,,,,,,,,,,,,,,,,,,,,,,,,,,,,,,,,,,,,,,,,,,,,,,,,,,,,,,,,,,,,,,,,,,,,,,,,,,,,,,,,,,,,,,,,,,,,,,,,,,,,,,,,,,,,,,,,,,,,,,,,,,,,,,,,,,,,,,,,,,,,,
1068,default,",,,",,,,,,11,2,,,,,,,,,,,,,,,,,,,,,,,,,,,,,,,,,,,,,,,,,,,,,,,,,,,,,,,,,,,,,,,,,,,,,,,,,,,,,,,,,,,,,,,,,,,,,,,,,,,,,,,,,,,,,,,,,,,,,,,,,,,,,,,,,,,,,,,,,,,,,,,,,,,,,,,,,,,,,,,,,,,,,,,,,,,,,,,,,,,,,,,,,,,,,,,,,,,,,,,,,,,,,,,,,,,,,,,,,,,,,,,,,,,,,,,,,,,,,,,,,,,,,,,,,,,,,,,,,,,,,,,,,,,,,,,,,,,,,,,,,,,,,,,,,,,,,,,,,,,,,,,,,,,,,,,,,,,,,,,,,,,,,,,,,,,,,,,,,,,,,,,,,,,,,,,,,,,,,,,,,,,,,,,,,,,,,,,,,,,,,,,,,,,,,,,,,,,,,,,,,
1071,default,",,,",,,,,,9,2,,,,,,,,,,,,,,,,,,,,,,,,,,,,,,,,,,,,,,,,,,,,,,,,,,,,,,,,,,,,,,,,,,,,,,,,,,,,,,,,,,,,,,,,,,,,,,,,,,,,,,,,,,,,,,,,,,,,,,,,,,,,,,,,,,,,,,,,,,,,,,,,,,,,,,,,,,,,,,,,,,,,,,,,,,,,,,,,,,,,,,,,,,,,,,,,,,,,,,,,,,,,,,,,,,,,,,,,,,,,,,,,,,,,,,,,,,,,,,,,,,,,,,,,,,,,,,,,,,,,,,,,,,,,,,,,,,,,,,,,,,,,,,,,,,,,,,,,,,,,,,,,,,,,,,,,,,,,,,,,,,,,,,,,,,,,,,,,,,,,,,,,,,,,,,,,,,,,,,,,,,,,,,,,,,,,,,,,,,,,,,,,,,,,,,,,,,,,,,,,,
