ID,Title,Content,Excerpt,Date,"Post Type",Permalink,"Image URL","Image Filename","Image Path","Image ID","Image Title","Image Caption","Image Description","Image Alt Text","Attachment URL","Attachment Filename","Attachment Path","Attachment ID","Attachment Title","Attachment Caption","Attachment Description","Attachment Alt Text",Categories,Tags,Status,Author,Slug,Format,"Parent Slug",Order,"Comment Status","Post Modified Date"
19,"BAS RUTTEN – NOT TOO TOUGH TO SHOW HIS LOVE… FOR CBDS THAT IS…","[advanced_iframe securitykey=""b6b676eecaf6ef560c340469f8477b7b26f83be6"" use_shortcode_attributes_only=""true"" src=""http://cbdherald.com/2017/06/1606/"" width=""100%"" height=""600"" id=""advanced_iframe"" add_css_class_iframe=""true"" onload_show_element_only=""#content"" resize_on_ajax_jquery=""false"" use_post_message=""true"" ]",,20170621,post,http://godsgreenery.com/blog/2017/06/21/bas-rutten-not-too-tough-to-show-his-love-for-cbds-that-is/,http://godsgreenery.com/wp-content/uploads/sites/10/2017/06/Bas-Namaste-1024x681.jpg,Bas-Namaste-1024x681.jpg,/home/christiansforcbd/public_html/wp-content/uploads/sites/10/2017/06/Bas-Namaste-1024x681.jpg,21,Bas-Namaste-1024x681,,,,,,,,,,,,"CBD Stories of Healing",,publish,1,bas-rutten-not-too-tough-to-show-his-love-for-cbds-that-is,,0,0,open,20170621
24,"What are CBD?","[advanced_iframe securitykey=""b6b676eecaf6ef560c340469f8477b7b26f83be6"" use_shortcode_attributes_only=""true"" src=""http://cbdherald.com/2017/06/what-are-cbds/"" width=""100%"" height=""600"" id=""advanced_iframe"" add_css_class_iframe=""true"" onload_show_element_only=""#entry-content"" resize_on_ajax_jquery=""false"" use_post_message=""true"" ]",,20170619,post,http://godsgreenery.com/blog/2017/06/19/what-are-cbds/,http://godsgreenery.com/wp-content/uploads/sites/10/2017/06/Cannabidiol-Molecule-1024x640.jpg,Cannabidiol-Molecule-1024x640.jpg,/home/christiansforcbd/public_html/wp-content/uploads/sites/10/2017/06/Cannabidiol-Molecule-1024x640.jpg,26,Cannabidiol-Molecule-1024x640,,,,,,,,,,,,"CBD Healing Info",,publish,1,what-are-cbds,,0,0,open,20170619
28,"CBDs Reduce Seizures in Severe Epilepsy Disorder Patients - The Study","[advanced_iframe securitykey=""b6b676eecaf6ef560c340469f8477b7b26f83be6"" use_shortcode_attributes_only=""true"" src=""http://cbdherald.com/2017/06/cbds-reduces-seizures-in-severe-epilepsy-disorder-patients-the-study/"" width=""100%"" height=""600"" id=""advanced_iframe"" add_css_class_iframe=""true"" onload_show_element_only=""#entry-content"" resize_on_ajax_jquery=""false"" use_post_message=""true"" ]",,20170616,post,http://godsgreenery.com/blog/2017/06/16/cbds-reduce-seizures-in-severe-epilepsy-disorder-patients-the-study/,http://godsgreenery.com/wp-content/uploads/sites/10/2017/06/Cannabinoid-Rickki2-CBD-Drug-Trial-LGS-Rikki-seizures-1024x576.jpg,Cannabinoid-Rickki2-CBD-Drug-Trial-LGS-Rikki-seizures-1024x576.jpg,/home/christiansforcbd/public_html/wp-content/uploads/sites/10/2017/06/Cannabinoid-Rickki2-CBD-Drug-Trial-LGS-Rikki-seizures-1024x576.jpg,30,Cannabinoid-Rickki2-CBD-Drug-Trial-LGS-Rikki-seizures-1024x576,,,Cannabinoid-Rickki2-CBD-Drug-Trial-LGS-Rikki-seizures-1024x576,,,,,,,,,"CBD Stories of Healing|Epilepsy Treatment",,publish,1,cbds-reduce-seizures-in-severe-epilepsy-disorder-patients-the-study,,0,0,open,20170616
32,"Christian's for CBDs - What's the Good Book Say: Part 1 - Genesis","As a man walking a path to Christ in a modern world, I am often caught in conflict between my religious ideology and the expectations of my community and society.  On occasion, I also find my religious community and their ingrained perspectives at odds with socially progressive concepts, that I see as being, founded in the tenants of my Christian faith.

Cannabis is one of those topics that fall into the latter category.  I see the uses, therapeutic applications, environmental potential, and emerging medical breakthroughs as clear indications that this is not an evil substance.  It is, in fact, a gift from God that has numerous and far reaching positive effects on the world.

Join us on our path as we examine what the bible really says about cannabis in this ongoing series, <i>Cannabis in Christianity</i>.  Ok, where do we start?  We’ll start with the Bible, and the Bible starts with Genesis.  Ok, I suppose everything starts with Genesis.  Beyond being a logical starting point, Genesis is one of the least disputed, and most agreed upon, portions from any books of faith based in major, western religion.

You mean, Genesis talks about cannabis?  Really?  Well, let's take a look.
<i>
</i><i>“And God said, Let the earth bring forth grass, the herb yielding seed, [and] the fruit tree yielding fruit after his kind, whose seed [is] in itself, upon the earth: and it was so. And the earth brought forth grass, [and] herb yielding seed after his kind, and the tree yielding fruit, whose seed [was] in itself, after his kind: and God saw that [it was] good.”</i> <i>Genesis 1:11-12</i>

<img class=""alignnone size-full wp-image-448"" src=""http://gg.christiansforcbd.com/wp-content/uploads/sites/10/2017/07/Bible-Genesis-129.png"" alt="""" width=""2560"" height=""1600"" />As with all text in the good book, we endeavor to understand what that text means and how it can be applied to our lives as we walk this path.  That being said, yes, when I read the above passage it is clear to me that while not being mentioned by name, cannabis most definitely qualifies as an herb yielding seed after his kind.

<i>Then God said, ""Behold, I have given you every plant yielding seed that is on the surface of all the earth, and every tree which has fruit yielding seed; it shall be food for you;  Genesis 1:29</i>

Ok, well that seems more direct.  “Every plant yielding seed that is on the surface of the earth.” Maybe not an explicit endorsement of cannabis, but it sure sounds like a pretty implicit direction to imbibe and make use cannabis.

Does this scripture provide a compelling argument?  For me, yes, for most, debatable.   So, let's look at some compelling information from our modern world.  When Dan Buettner published the book Blue Zones, the précis of the book was to examine zones throughout the world where people routinely lived to be over 100 years of age.  His book took the media world by storm.  A blue zone diet was even developed and aimed at replicating this phenomena.  One such zone exists right here in Loma Linda, California.  A small community which adheres to a relevant dietary concept.   They follow a diet based on the book of Genesis.  What is a part of the diet that these folks attribute to their longevity?  Wait for it…. that's right cannabis.

With traditional recognition, based on the founding chapter of my faith, compelling information from a local community, who appear to be doing this “life thing” as well as any others we see.  Let’s bookend this argument:  I feel well within bounds that God tells us christians, and other western religions, that all these amazing herbs and plants on this planet he gave us are indeed for us, for us to eat, for us to imbibe, and for us to use. This coming from the point of creation of humankind.  Then, we take a look at a zone of people who are living by these guiding principles in today’s modern society, including the use of cannabis in multiple forms.  The result:  They are living longer more sustained lives.  Hmm...  Let me think about this…  Yes! Again I am brought to the conclusion that this amazing plant has been placed on this earth for humankind's benefit.  So, as a Christian I ask my fellow believers to take it easy on me and take a second look at Cannabis.

Stay tuned for our next edition, when we further examine <i>Cannabis in Christianity.</i>",,20170718,post,http://godsgreenery.com/blog/2017/07/18/32/,http://godsgreenery.com/wp-content/uploads/sites/10/2017/07/IMG_1203-e1501585588651.jpg|http://godsgreenery.com/wp-content/uploads/sites/10/2017/07/Bible-Genesis-129.png,IMG_1203-e1501585588651.jpg|Bible-Genesis-129.png,/home/christiansforcbd/public_html/wp-content/uploads/sites/10/2017/07/IMG_1203-e1501585588651.jpg|/home/christiansforcbd/public_html/wp-content/uploads/sites/10/2017/07/Bible-Genesis-129.png,33|448,"IMG_1203|Bible Genesis 1;29",|,|,|,,,,,,,,,"CBD Healing Info|CBD Stories of Healing",,publish,1,32,,0,0,open,20170819
44,"Cannabis Oil Treatments Are Helping Children With Seizures","[easy_youtube_gallery id=LSfMDUKfylo]",,20170723,post,http://godsgreenery.com/blog/2017/07/23/cannabis-oil-treatments-are-helping-children-with-seizures-nowthis/,http://godsgreenery.com/wp-content/uploads/sites/10/2017/07/Cannabis-Oil-Treatments-Are-Helping-Children-With-Seizures-NowThis.jpeg,Cannabis-Oil-Treatments-Are-Helping-Children-With-Seizures-NowThis.jpeg,/home/christiansforcbd/public_html/wp-content/uploads/sites/10/2017/07/Cannabis-Oil-Treatments-Are-Helping-Children-With-Seizures-NowThis.jpeg,453,Cannabis-Oil-Treatments-Are-Helping-Children-With-Seizures-NowThis,"Cannabis Oil Treatments Are Helping Children With Seizures",,Cannabis-Oil-Treatments-Are-Helping-Children-With-Seizures-NowThis,,,,,,,,,"Epilepsy Treatment",,publish,1,cannabis-oil-treatments-are-helping-children-with-seizures-nowthis,,0,0,open,20170723
52,"A Little Girl With Epilepsy Tries Cannabis Oil","[easy_youtube_gallery id=LmlpoX5EGU0]",,20170723,post,http://godsgreenery.com/blog/2017/07/23/a-little-girl-with-epilepsy-tries-cannabis-oil/,http://godsgreenery.com/wp-content/uploads/sites/10/2017/07/A-Little-Girl-With-Epilepsy-Tries-Cannabis-Oil.jpeg,A-Little-Girl-With-Epilepsy-Tries-Cannabis-Oil.jpeg,/home/christiansforcbd/public_html/wp-content/uploads/sites/10/2017/07/A-Little-Girl-With-Epilepsy-Tries-Cannabis-Oil.jpeg,53,A-Little-Girl-With-Epilepsy-Tries-Cannabis-Oil,"A Little Girl With Epilepsy Tries Cannabis Oil",,A-Little-Girl-With-Epilepsy-Tries-Cannabis-Oil,,,,,,,,,"Epilepsy Treatment",,publish,1,a-little-girl-with-epilepsy-tries-cannabis-oil,,0,0,open,20170723
55,"How CBD Oil Helped David Wells Manage Pain","[easy_youtube_gallery id=7Hmr1_bfBhc]",,20170723,post,http://godsgreenery.com/blog/2017/07/23/how-cbd-oil-helped-david-wells-manage-pain/,http://godsgreenery.com/wp-content/uploads/sites/10/2017/07/How-CBD-Oil-Helped-David-Wells-Manage-Pain.jpeg,How-CBD-Oil-Helped-David-Wells-Manage-Pain.jpeg,/home/christiansforcbd/public_html/wp-content/uploads/sites/10/2017/07/How-CBD-Oil-Helped-David-Wells-Manage-Pain.jpeg,56,How-CBD-Oil-Helped-David-Wells-Manage-Pain,"How CBD Oil Helped David Wells Manage Pain",,How-CBD-Oil-Helped-David-Wells-Manage-Pain,,,,,,,,,"Pain Management",,publish,1,how-cbd-oil-helped-david-wells-manage-pain,,0,0,open,20170723
58,"Medical Marijuana Helps My Son With Rare Disease",https://youtu.be/fOa_2Bc-lfY,,20170723,post,http://godsgreenery.com/blog/2017/07/23/medical-marijuana-helps-my-son-with-rare-disease/,http://godsgreenery.com/wp-content/uploads/sites/10/2017/07/Medical-Marijuana-Helps-My-Son-With-Rare-Disease.jpeg,Medical-Marijuana-Helps-My-Son-With-Rare-Disease.jpeg,/home/christiansforcbd/public_html/wp-content/uploads/sites/10/2017/07/Medical-Marijuana-Helps-My-Son-With-Rare-Disease.jpeg,385,Medical-Marijuana-Helps-My-Son-With-Rare-Disease,"A Father&#039;s Plea",,Medical-Marijuana-Helps-My-Son-With-Rare-Disease,,,,,,,,,"Epilepsy Treatment",,publish,1,medical-marijuana-helps-my-son-with-rare-disease,,0,0,open,20170723
63,"Jeremy Kigar treats his Brain Tumor with cannabis oil","[easy_youtube_gallery id=J1jYHhbpyVs]",,20170723,post,http://godsgreenery.com/blog/2017/07/23/jeremy-kigar-treats-his-brain-tumor-with-cannabis-oil/,http://godsgreenery.com/wp-content/uploads/sites/10/2017/07/Jeremy-Kigar-treats-his-Brain-Tumor-with-cannabis-oil-2013-SEE-MORE-at-CureYourOwnCancer.org_.jpeg,Jeremy-Kigar-treats-his-Brain-Tumor-with-cannabis-oil-2013-SEE-MORE-at-CureYourOwnCancer.org_.jpeg,/home/christiansforcbd/public_html/wp-content/uploads/sites/10/2017/07/Jeremy-Kigar-treats-his-Brain-Tumor-with-cannabis-oil-2013-SEE-MORE-at-CureYourOwnCancer.org_.jpeg,64,Jeremy-Kigar-treats-his-Brain-Tumor-with-cannabis-oil-2013-SEE-MORE-at-CureYourOwnCancer.org_,"Jeremy Kigar treats his Brain Tumor with cannabis oil",,Jeremy-Kigar-treats-his-Brain-Tumor-with-cannabis-oil-2013-SEE-MORE-at-CureYourOwnCancer.org_,,,,,,,,,"Cancer Treatment",,publish,1,jeremy-kigar-treats-his-brain-tumor-with-cannabis-oil,,0,0,open,20170723
66,"The Charlotte Figi Story - 60 Minutes Austrailia","<iframe width=""1280"" height=""720"" src=""https://www.youtube.com/embed/e-YMUfJimmM?rel=0&autoplay=1;controls=0&amp;showinfo=0;modestbranding"" frameborder=""0"" allowfullscreen></iframe>
",,20170723,post,http://godsgreenery.com/blog/2017/07/23/the-charlotte-figi-story-60-minutes-austrailia/,http://godsgreenery.com/wp-content/uploads/sites/10/2017/08/198341427a909790ca75e42a04427064ad63fefed19a105ab_betru-Drug-Free-Pain-Relief500.jpg|http://godsgreenery.com/wp-content/uploads/sites/10/2017/08/1337106220betru-Drug-Free-Pain-Relief-450.jpg,198341427a909790ca75e42a04427064ad63fefed19a105ab_betru-Drug-Free-Pain-Relief500.jpg|1337106220betru-Drug-Free-Pain-Relief-450.jpg,/home/christiansforcbd/public_html/wp-content/uploads/sites/10/2017/08/198341427a909790ca75e42a04427064ad63fefed19a105ab_betru-Drug-Free-Pain-Relief500.jpg|/home/christiansforcbd/public_html/wp-content/uploads/sites/10/2017/08/1337106220betru-Drug-Free-Pain-Relief-450.jpg,728|726,198341427a909790ca75e42a04427064ad63fefed19a105ab_betru-Drug-Free-Pain-Relief500|1337106220betru-Drug-Free-Pain-Relief-450,|,|,|,,,,,,,,,"Epilepsy Treatment",,publish,1,the-charlotte-figi-story-60-minutes-austrailia,,0,0,open,20170723
69,"Cannabis Oil Cures Cancer: Boy(3) Who Had 2 Days To Live!","[easy_youtube_gallery id=5Mh9XESuO0U]",,20170723,post,http://godsgreenery.com/blog/2017/07/23/cannabis-oil-cures-cancer-boy3-who-had-2-days-to-live/,http://godsgreenery.com/wp-content/uploads/sites/10/2017/07/Cannabis-Oil-Cures-Cancer-Boy3-Who-Had-2-Days-To-Live.jpeg,Cannabis-Oil-Cures-Cancer-Boy3-Who-Had-2-Days-To-Live.jpeg,/home/christiansforcbd/public_html/wp-content/uploads/sites/10/2017/07/Cannabis-Oil-Cures-Cancer-Boy3-Who-Had-2-Days-To-Live.jpeg,70,Cannabis-Oil-Cures-Cancer-Boy3-Who-Had-2-Days-To-Live,"Cannabis Oil Cures Cancer: Boy(3) Who Had 2 Days To Live!",,Cannabis-Oil-Cures-Cancer-Boy3-Who-Had-2-Days-To-Live,,,,,,,,,"Cancer Treatment",,publish,1,cannabis-oil-cures-cancer-boy3-who-had-2-days-to-live,,0,0,open,20170723
72,"""We have to be the guinea pigs."" Sophie's Story","[easy_youtube_gallery id=u9yJGUI0e18]",,20170723,post,http://godsgreenery.com/blog/2017/07/23/we-have-to-be-the-guinea-pigs-sophies-story/,http://godsgreenery.com/wp-content/uploads/sites/10/2017/07/We-have-to-be-the-guinea-pigs.-Sophies-Story-Cannabis-for-Kids-Part-2-National-Geographic.jpeg,We-have-to-be-the-guinea-pigs.-Sophies-Story-Cannabis-for-Kids-Part-2-National-Geographic.jpeg,/home/christiansforcbd/public_html/wp-content/uploads/sites/10/2017/07/We-have-to-be-the-guinea-pigs.-Sophies-Story-Cannabis-for-Kids-Part-2-National-Geographic.jpeg,73,We-have-to-be-the-guinea-pigs.-Sophies-Story-Cannabis-for-Kids-Part-2-National-Geographic,"&quot;We have to be the guinea pigs.&quot; Sophie&#039;s Story",,We-have-to-be-the-guinea-pigs.-Sophies-Story-Cannabis-for-Kids-Part-2-National-Geographic,,,,,,,,,"Cancer Treatment",,publish,1,we-have-to-be-the-guinea-pigs-sophies-story,,0,0,open,20170723
75,"Why I changed my mind about medicinal cannabis | Hugh Hempel | TEDxUniversityofNevada",[embed]https://youtu.be/3N8QMeIsX2c[/embed],,20170723,post,http://godsgreenery.com/blog/2017/07/23/why-i-changed-my-mind-about-medicinal-cannabis-hugh-hempel-tedxuniversityofnevada/,http://godsgreenery.com/wp-content/uploads/sites/10/2017/07/Why-I-changed-my-mind-about-medicinal-cannabis-Hugh-Hempel-TEDxUniversityofNevada.jpeg,Why-I-changed-my-mind-about-medicinal-cannabis-Hugh-Hempel-TEDxUniversityofNevada.jpeg,/home/christiansforcbd/public_html/wp-content/uploads/sites/10/2017/07/Why-I-changed-my-mind-about-medicinal-cannabis-Hugh-Hempel-TEDxUniversityofNevada.jpeg,76,Why-I-changed-my-mind-about-medicinal-cannabis-Hugh-Hempel-TEDxUniversityofNevada,,,,,,,,,,,,"Alzheimer's Treatment",,publish,1,why-i-changed-my-mind-about-medicinal-cannabis-hugh-hempel-tedxuniversityofnevada,,0,0,open,20170723
78,"Dr. Confirms Cannabis Oil Cures Brain Tumor & Brain Cancer !!","[easy_youtube_gallery id=a6iba3sEUIg]",,20170723,post,http://godsgreenery.com/blog/2017/07/23/dr-confirms-cannabis-oil-cures-brain-tumor-brain-cancer/,http://godsgreenery.com/wp-content/uploads/sites/10/2017/07/Dr.-Confirms-Cannabis-Oil-Cures-Brain-Tumor-Brain-Cancer-1-1.jpeg|http://godsgreenery.com/wp-content/uploads/sites/10/2017/07/Dr.-Confirms-Cannabis-Oil-Cures-Brain-Tumor-Brain-Cancer-.jpeg,Dr.-Confirms-Cannabis-Oil-Cures-Brain-Tumor-Brain-Cancer-1-1.jpeg|Dr.-Confirms-Cannabis-Oil-Cures-Brain-Tumor-Brain-Cancer-.jpeg,/home/christiansforcbd/public_html/wp-content/uploads/sites/10/2017/07/Dr.-Confirms-Cannabis-Oil-Cures-Brain-Tumor-Brain-Cancer-1-1.jpeg|/home/christiansforcbd/public_html/wp-content/uploads/sites/10/2017/07/Dr.-Confirms-Cannabis-Oil-Cures-Brain-Tumor-Brain-Cancer-.jpeg,679|678,Dr.-Confirms-Cannabis-Oil-Cures-Brain-Tumor-Brain-Cancer-1-1|Dr.-Confirms-Cannabis-Oil-Cures-Brain-Tumor-Brain-Cancer-,"Dr. Confirms Cannabis Oil Cures Brain Tumor &amp; Brain Cancer !!|",|,Dr.-Confirms-Cannabis-Oil-Cures-Brain-Tumor-Brain-Cancer-1-1|,,,,,,,,,"Cancer Treatment|Doctors for CBD",,publish,1,dr-confirms-cannabis-oil-cures-brain-tumor-brain-cancer,,0,0,open,20170723
81,"Michael McShane's Story: Skin Cancer cured with cannabis oil","[easy_youtube_gallery id=gnCGPtcqtWg]",,20170723,post,http://godsgreenery.com/blog/2017/07/23/michael-mcshanes-story-skin-cancer-cured-with-cannabis-oil/,http://godsgreenery.com/wp-content/uploads/sites/10/2017/07/Michael-McShanes-Story-Skin-Cancer-cured-with-cannabis-oil-SEE-more-at-cureyourowncancer.org_.jpeg,Michael-McShanes-Story-Skin-Cancer-cured-with-cannabis-oil-SEE-more-at-cureyourowncancer.org_.jpeg,/home/christiansforcbd/public_html/wp-content/uploads/sites/10/2017/07/Michael-McShanes-Story-Skin-Cancer-cured-with-cannabis-oil-SEE-more-at-cureyourowncancer.org_.jpeg,82,Michael-McShanes-Story-Skin-Cancer-cured-with-cannabis-oil-SEE-more-at-cureyourowncancer.org_,"Michael McShane&#039;s Story: Skin Cancer cured with cannabis oil",,Michael-McShanes-Story-Skin-Cancer-cured-with-cannabis-oil-SEE-more-at-cureyourowncancer.org_,,,,,,,,,"Cancer Treatment",,publish,1,michael-mcshanes-story-skin-cancer-cured-with-cannabis-oil,,0,0,open,20170723
87,"Prostate Cancer Cured with Cannabis Oil Part 2","[easy_youtube_gallery id=EvyxL_5gCgU]",,20170723,post,http://godsgreenery.com/blog/2017/07/23/prostate-cancer-cured-with-cannabis-oil-part-2/,http://godsgreenery.com/wp-content/uploads/sites/10/2017/07/Prostate-Cancer-Cured-with-Cannabis-Oil-Part-2.jpeg,Prostate-Cancer-Cured-with-Cannabis-Oil-Part-2.jpeg,/home/christiansforcbd/public_html/wp-content/uploads/sites/10/2017/07/Prostate-Cancer-Cured-with-Cannabis-Oil-Part-2.jpeg,86,Prostate-Cancer-Cured-with-Cannabis-Oil-Part-2,"Prostate Cancer Cured with Cannabis Oil Part 2",,Prostate-Cancer-Cured-with-Cannabis-Oil-Part-2,,,,,,,,,"Cancer Treatment",,publish,1,prostate-cancer-cured-with-cannabis-oil-part-2,,0,0,open,20170723
89,"Mom of 3 Year Old Cancer Patient: CBD for Better Quality of Life","[easy_youtube_gallery id=RYfp19bJREE]",,20170723,post,http://godsgreenery.com/blog/2017/07/23/mom-of-3-year-old-brain-cancer-patient-uses-cbd-for-better-quality-of-life/,http://godsgreenery.com/wp-content/uploads/sites/10/2017/07/Mom-of-3-Year-Old-Brain-Cancer-Patient-Uses-CBD-for-Better-Quality-of-Life.jpeg,Mom-of-3-Year-Old-Brain-Cancer-Patient-Uses-CBD-for-Better-Quality-of-Life.jpeg,/home/christiansforcbd/public_html/wp-content/uploads/sites/10/2017/07/Mom-of-3-Year-Old-Brain-Cancer-Patient-Uses-CBD-for-Better-Quality-of-Life.jpeg,90,Mom-of-3-Year-Old-Brain-Cancer-Patient-Uses-CBD-for-Better-Quality-of-Life,"Mom of 3 Year Old Cancer Patient: CBD for Better Quality of Life",,Mom-of-3-Year-Old-Brain-Cancer-Patient-Uses-CBD-for-Better-Quality-of-Life,,,,,,,,,"Cancer Treatment",,publish,1,mom-of-3-year-old-brain-cancer-patient-uses-cbd-for-better-quality-of-life,,0,0,open,20170723
92,"Families moving from Ohio for access to medical marijuana","[easy_youtube_gallery id=uRoznkzfAwU]",,20170723,post,http://godsgreenery.com/blog/2017/07/23/families-moving-from-ohio-for-access-to-medical-marijuana/,,,,,,,,,,,,,,,,,"Epilepsy Treatment",,publish,1,families-moving-from-ohio-for-access-to-medical-marijuana,,0,0,open,20170723
95,"A Father's Plea","[easy_youtube_gallery id=xJ_UBW_IITw]",,20170723,post,http://godsgreenery.com/blog/2017/07/23/a-fathers-plea/,,,,,,,,,,,,,,,,,"Epilepsy Treatment",,publish,1,a-fathers-plea,,0,0,open,20170723
98,"Medical Marijuana for Alzheimers and Dementia",[embed]https://youtu.be/TYeqCOd8Kss[/embed],,20170723,post,http://godsgreenery.com/blog/2017/07/23/medical-marijuana-for-alzheimers-and-dementia/,http://godsgreenery.com/wp-content/uploads/sites/10/2017/07/Medical-Marijuana-for-Alzheimers-and-Dementia.jpeg,Medical-Marijuana-for-Alzheimers-and-Dementia.jpeg,/home/christiansforcbd/public_html/wp-content/uploads/sites/10/2017/07/Medical-Marijuana-for-Alzheimers-and-Dementia.jpeg,99,Medical-Marijuana-for-Alzheimers-and-Dementia,,,,,,,,,,,,"Alzheimer's Treatment",,publish,1,medical-marijuana-for-alzheimers-and-dementia,,0,0,open,20170723
101,"Mom: Medical marijuana saved my ill son","[easy_youtube_gallery id=98pQ04ZNIiI]",,20170723,post,http://godsgreenery.com/blog/2017/07/23/mom-medical-marijuana-saved-my-ill-son/,http://godsgreenery.com/wp-content/uploads/sites/10/2017/07/Mom-Medical-marijuana-saved-my-ill-son.jpeg,Mom-Medical-marijuana-saved-my-ill-son.jpeg,/home/christiansforcbd/public_html/wp-content/uploads/sites/10/2017/07/Mom-Medical-marijuana-saved-my-ill-son.jpeg,630,Mom-Medical-marijuana-saved-my-ill-son,"Mom: Medical marijuana saved my ill son",,Mom-Medical-marijuana-saved-my-ill-son,,,,,,,,,"Cancer Treatment",,publish,1,mom-medical-marijuana-saved-my-ill-son,,0,0,open,20170723
104,"Modesto father credits cannabis oil for saving son's life","[easy_youtube_gallery id=i4hPuxwrRko]",,20170723,post,http://godsgreenery.com/blog/2017/07/23/modesto-father-credits-cannabis-oil-for-saving-sons-life/,http://godsgreenery.com/wp-content/uploads/sites/10/2017/07/Modesto-father-credits-cannabis-oil-for-saving-sons-life.jpeg,Modesto-father-credits-cannabis-oil-for-saving-sons-life.jpeg,/home/christiansforcbd/public_html/wp-content/uploads/sites/10/2017/07/Modesto-father-credits-cannabis-oil-for-saving-sons-life.jpeg,105,Modesto-father-credits-cannabis-oil-for-saving-sons-life,"Modesto father credits cannabis oil for saving son&#039;s life",,Modesto-father-credits-cannabis-oil-for-saving-sons-life,,,,,,,,,"Autism Treatment",,publish,1,modesto-father-credits-cannabis-oil-for-saving-sons-life,,0,0,open,20170723
107,"Mother Uses Marijuana to Treat Autistic Son","[easy_youtube_gallery id=s6Svp81lPhQ]",,20170723,post,http://godsgreenery.com/blog/2017/07/23/mother-uses-marijuana-to-treat-autistic-son/,http://godsgreenery.com/wp-content/uploads/sites/10/2017/07/Mother-Uses-Marijuana-to-Treat-Autistic-Son.jpeg,Mother-Uses-Marijuana-to-Treat-Autistic-Son.jpeg,/home/christiansforcbd/public_html/wp-content/uploads/sites/10/2017/07/Mother-Uses-Marijuana-to-Treat-Autistic-Son.jpeg,108,Mother-Uses-Marijuana-to-Treat-Autistic-Son,,,,,,,,,,,,"Autism Treatment",,publish,1,mother-uses-marijuana-to-treat-autistic-son,,0,0,open,20170723
112,"Anti-Pot Great-Grandma Changes Her Mind On Medical Marijuana",[embed]https://youtu.be/-WOT-CdvQZQ[/embed],,20170723,post,http://godsgreenery.com/blog/2017/07/23/anti-pot-great-grandma-changes-her-mind-on-medical-marijuana/,http://godsgreenery.com/wp-content/uploads/sites/10/2017/07/Anti-Pot-Great-Grandma-Changes-Her-Mind-On-Medical-Marijuana.jpeg,Anti-Pot-Great-Grandma-Changes-Her-Mind-On-Medical-Marijuana.jpeg,/home/christiansforcbd/public_html/wp-content/uploads/sites/10/2017/07/Anti-Pot-Great-Grandma-Changes-Her-Mind-On-Medical-Marijuana.jpeg,113,Anti-Pot-Great-Grandma-Changes-Her-Mind-On-Medical-Marijuana,,,,,,,,,,,,"Cancer Treatment",,publish,1,anti-pot-great-grandma-changes-her-mind-on-medical-marijuana,,0,0,open,20170723
115,"Anxiety Depression and Cannabis: Amos McDonald of VA 2011",[embed]https://youtu.be/_EYP8LL9sPE[/embed],,20170723,post,http://godsgreenery.com/blog/2017/07/23/anxiety-depression-and-cannabis-amos-mcdonald-of-va-2011/,,,,,,,,,,,,,,,,,"Mental Health Tratment",,publish,1,anxiety-depression-and-cannabis-amos-mcdonald-of-va-2011,,0,0,open,20170723
405,"Epilepsy Seizures Cured after Ingesting Cannabis Oil with CBD","[easy_youtube_gallery id=VMpWKzukg94]",,20170728,post,http://godsgreenery.com/blog/2017/07/28/epilepsy-seizures-cured-after-ingesting-cannabis-oil-with-cbd/,http://godsgreenery.com/wp-content/uploads/sites/10/2017/07/Epilepsy-Seizures-Cured-after-Ingesting-Cannabis-Oil-with-CBD.jpeg,Epilepsy-Seizures-Cured-after-Ingesting-Cannabis-Oil-with-CBD.jpeg,/home/christiansforcbd/public_html/wp-content/uploads/sites/10/2017/07/Epilepsy-Seizures-Cured-after-Ingesting-Cannabis-Oil-with-CBD.jpeg,452,Epilepsy-Seizures-Cured-after-Ingesting-Cannabis-Oil-with-CBD,"Epilepsy Seizures Cured after Ingesting Cannabis Oil with CBD",,Epilepsy-Seizures-Cured-after-Ingesting-Cannabis-Oil-with-CBD,,,,,,,,,"Epilepsy Treatment",,publish,1,epilepsy-seizures-cured-after-ingesting-cannabis-oil-with-cbd,,0,0,open,20170728
409,"Medical Cannabis for Epilepsy","[easy_youtube_gallery id=ayvES8yx64o]",,20170728,post,http://godsgreenery.com/blog/2017/07/28/medical-cannabis-for-epilepsy/,http://godsgreenery.com/wp-content/uploads/sites/10/2017/07/Medical-Cannabis-for-Epilepsy.jpeg,Medical-Cannabis-for-Epilepsy.jpeg,/home/christiansforcbd/public_html/wp-content/uploads/sites/10/2017/07/Medical-Cannabis-for-Epilepsy.jpeg,410,Medical-Cannabis-for-Epilepsy,"Medical Cannabis for Epilepsy",,Medical-Cannabis-for-Epilepsy,,,,,,,,,"Epilepsy Treatment",,publish,1,medical-cannabis-for-epilepsy,,0,0,open,20170728
412,"Marijuana Stops Epileptic Seizure","[easy_youtube_gallery id=dB1s6eE7Rvg]",,20170728,post,http://godsgreenery.com/blog/2017/07/28/marijuana-stops-epileptic-seizure/,http://godsgreenery.com/wp-content/uploads/sites/10/2017/07/Marijuana-Stops-Epileptic-Seizure.jpeg,Marijuana-Stops-Epileptic-Seizure.jpeg,/home/christiansforcbd/public_html/wp-content/uploads/sites/10/2017/07/Marijuana-Stops-Epileptic-Seizure.jpeg,414,Marijuana-Stops-Epileptic-Seizure,,,,,,,,,,,,"Epilepsy Treatment",,publish,1,marijuana-stops-epileptic-seizure,,0,0,open,20170728
421,"Gallery Preview","[supsystic-gallery id=""1""]",,-00011130,post,http://godsgreenery.com/?p=421,,,,,,,,,,,,,,,,,Uncategorized,,draft,1,,,0,0,open,-00011130
425,"Toddler's seizures treated with medical marijuana","[easy_youtube_gallery id=YM5eX1qcPJ8]",,20170728,post,http://godsgreenery.com/blog/2017/07/28/toddlers-seizures-treated-with-medical-marijuana/,,,,,,,,,,,,,,,,,"Epilepsy Treatment",,publish,1,toddlers-seizures-treated-with-medical-marijuana,,0,0,open,20170728
430,"WATCH: Nasal Spray Stops Childrens’ Seizures Within 20 Seconds","[easy_youtube_gallery id=yCMzooTvLZM]",,20170728,post,http://godsgreenery.com/blog/2017/07/28/watch-nasal-spray-stops-childrens-seizures-within-20-seconds/,,,,,,,,,,,,,,,,,"Epilepsy Treatment",,publish,1,watch-nasal-spray-stops-childrens-seizures-within-20-seconds,,0,0,open,20170728
442,"The Science of Cannabis as a Treatment for Epilepsy","[easy_youtube_gallery id=oqhJH7hIG4k]",,20170728,post,http://godsgreenery.com/blog/2017/07/28/442/,,,,,,,,,,,,,,,,,Uncategorized,,publish,1,442,,0,0,open,20170728
454,"Medical Marijuana Control Seizures","[easy_youtube_gallery id=MeEYy9rI2Qs]",,20170731,post,http://godsgreenery.com/blog/2017/07/31/medical-marijuana-control-seizures/,http://godsgreenery.com/wp-content/uploads/sites/10/2017/07/Medical-Marijuana-Control-Seizures.jpeg,Medical-Marijuana-Control-Seizures.jpeg,/home/christiansforcbd/public_html/wp-content/uploads/sites/10/2017/07/Medical-Marijuana-Control-Seizures.jpeg,455,Medical-Marijuana-Control-Seizures,"Medical Marijuana Control Seizures",,Medical-Marijuana-Control-Seizures,,,,,,,,,"Epilepsy Treatment",,publish,1,medical-marijuana-control-seizures,,0,0,open,20170731
457,"Cannabis and Epilepsy: How Weed Helps Treat Dravet Syndrome","[easy_youtube_gallery id=yHGgbNbe84k]",,20170731,post,http://godsgreenery.com/blog/2017/07/31/cannabis-and-epilepsy-how-weed-helps-treat-dravet-syndrome/,http://godsgreenery.com/wp-content/uploads/sites/10/2017/07/Cannabis-and-Epilepsy-How-Weed-Helps-Treat-Kids-With-Dravet-Syndrome-MERRY-JANE-News.jpeg,Cannabis-and-Epilepsy-How-Weed-Helps-Treat-Kids-With-Dravet-Syndrome-MERRY-JANE-News.jpeg,/home/christiansforcbd/public_html/wp-content/uploads/sites/10/2017/07/Cannabis-and-Epilepsy-How-Weed-Helps-Treat-Kids-With-Dravet-Syndrome-MERRY-JANE-News.jpeg,458,Cannabis-and-Epilepsy-How-Weed-Helps-Treat-Kids-With-Dravet-Syndrome-MERRY-JANE-News,"Cannabis and Epilepsy: How Weed Helps Treat Kids With Dravet Syndrome",,Cannabis-and-Epilepsy-How-Weed-Helps-Treat-Kids-With-Dravet-Syndrome-MERRY-JANE-News,,,,,,,,,Uncategorized,,publish,1,cannabis-and-epilepsy-how-weed-helps-treat-dravet-syndrome,,0,0,open,20170731
460,"Medical Marijuana and Seizure Treatment","[easy_youtube_gallery id=uDijf-C_HgA]",,20170731,post,http://godsgreenery.com/blog/2017/07/31/medical-marijuana-and-seizure-treatment/,http://godsgreenery.com/wp-content/uploads/sites/10/2017/07/Medical-Marijuana-and-Seizure-Treatment.jpeg,Medical-Marijuana-and-Seizure-Treatment.jpeg,/home/christiansforcbd/public_html/wp-content/uploads/sites/10/2017/07/Medical-Marijuana-and-Seizure-Treatment.jpeg,461,Medical-Marijuana-and-Seizure-Treatment,"Medical Marijuana and Seizure Treatment",,Medical-Marijuana-and-Seizure-Treatment,,,,,,,,,"Doctors for CBD|Epilepsy Treatment",,publish,1,medical-marijuana-and-seizure-treatment,,0,0,open,20170731
463,"ER Doctor Endorses Cannabis Research for Epilepsy","[easy_youtube_gallery id=mlwgv5iCwxU]",,20170731,post,http://godsgreenery.com/blog/2017/07/31/er-doctor-endorses-cannabis-research-for-epilepsy/,http://godsgreenery.com/wp-content/uploads/sites/10/2017/07/ER-Doctor-Endorses-Cannabis-Research-for-Epilepsy.jpeg,ER-Doctor-Endorses-Cannabis-Research-for-Epilepsy.jpeg,/home/christiansforcbd/public_html/wp-content/uploads/sites/10/2017/07/ER-Doctor-Endorses-Cannabis-Research-for-Epilepsy.jpeg,464,ER-Doctor-Endorses-Cannabis-Research-for-Epilepsy,"ER Doctor Endorses Cannabis Research for Epilepsy",,ER-Doctor-Endorses-Cannabis-Research-for-Epilepsy,,,,,,,,,"Doctors for CBD|Epilepsy Treatment",,publish,1,er-doctor-endorses-cannabis-research-for-epilepsy,,0,0,open,20170731
466,"Girl stops having seizures after cannabis oil treatments","[easy_youtube_gallery id=wSsRa4d34L4]",,20170731,post,http://godsgreenery.com/blog/2017/07/31/girl-stops-having-seizures-after-cannabis-oil-treatments/,http://godsgreenery.com/wp-content/uploads/sites/10/2017/07/Girl-stops-having-seizures-after-cannabis-oil-treatments.jpeg,Girl-stops-having-seizures-after-cannabis-oil-treatments.jpeg,/home/christiansforcbd/public_html/wp-content/uploads/sites/10/2017/07/Girl-stops-having-seizures-after-cannabis-oil-treatments.jpeg,467,Girl-stops-having-seizures-after-cannabis-oil-treatments,"Girl stops having seizures after cannabis oil treatments",,Girl-stops-having-seizures-after-cannabis-oil-treatments,,,,,,,,,"Epilepsy Treatment",,publish,1,girl-stops-having-seizures-after-cannabis-oil-treatments,,0,0,open,20170731
469,"Marijuana for kids: Using cannabis to treat epilepsy - BBC News","[easy_youtube_gallery id=ZZIzb5p6BRg]",,20170731,post,http://godsgreenery.com/blog/2017/07/31/marijuana-for-kids-using-cannabis-to-treat-epilepsy-bbc-news/,http://godsgreenery.com/wp-content/uploads/sites/10/2017/07/Marijuana-for-kids-Using-cannabis-to-treat-epilepsy-BBC-News.jpeg,Marijuana-for-kids-Using-cannabis-to-treat-epilepsy-BBC-News.jpeg,/home/christiansforcbd/public_html/wp-content/uploads/sites/10/2017/07/Marijuana-for-kids-Using-cannabis-to-treat-epilepsy-BBC-News.jpeg,470,Marijuana-for-kids-Using-cannabis-to-treat-epilepsy-BBC-News,"Marijuana for kids: Using cannabis to treat epilepsy - BBC News",,Marijuana-for-kids-Using-cannabis-to-treat-epilepsy-BBC-News,,,,,,,,,"Epilepsy Treatment",,publish,1,marijuana-for-kids-using-cannabis-to-treat-epilepsy-bbc-news,,0,0,open,20170731
472,"CBD Miracle!! From Seizure Coma to running in days!!","[easy_youtube_gallery id=wNMrhZiS2Ks]",,20170731,post,http://godsgreenery.com/blog/2017/07/31/cbd-miracle-from-seizure-coma-to-running-in-days/,http://godsgreenery.com/wp-content/uploads/sites/10/2017/07/CBD-Miracle-From-Seizure-Coma-to-running-in-days-Cannabis-Cures.jpeg,CBD-Miracle-From-Seizure-Coma-to-running-in-days-Cannabis-Cures.jpeg,/home/christiansforcbd/public_html/wp-content/uploads/sites/10/2017/07/CBD-Miracle-From-Seizure-Coma-to-running-in-days-Cannabis-Cures.jpeg,473,CBD-Miracle-From-Seizure-Coma-to-running-in-days-Cannabis-Cures,"CBD Miracle!! From Seizure Coma to running in days!!",,CBD-Miracle-From-Seizure-Coma-to-running-in-days-Cannabis-Cures,,,,,,,,,"Epilepsy Treatment",,publish,1,cbd-miracle-from-seizure-coma-to-running-in-days,,0,0,open,20170731
475,"Is marijuana effective for treating children with seizures?","[easy_youtube_gallery id=ch-xUVOG23s]",,20170731,post,http://godsgreenery.com/blog/2017/07/31/is-marijuana-effective-for-treating-children-with-seizures/,http://godsgreenery.com/wp-content/uploads/sites/10/2017/07/Is-marijuana-effective-for-treating-children-with-seizures.jpeg,Is-marijuana-effective-for-treating-children-with-seizures.jpeg,/home/christiansforcbd/public_html/wp-content/uploads/sites/10/2017/07/Is-marijuana-effective-for-treating-children-with-seizures.jpeg,476,Is-marijuana-effective-for-treating-children-with-seizures,"Is marijuana effective for treating children with seizures?",,Is-marijuana-effective-for-treating-children-with-seizures,,,,,,,,,"Epilepsy Treatment",,publish,1,is-marijuana-effective-for-treating-children-with-seizures,,0,0,open,20170731
480,"Can cannabis oil treat a child from epilepsy? BBC News","[easy_youtube_gallery id=c79I75eu8D8]",,20170731,post,http://godsgreenery.com/blog/2017/07/31/can-cannabis-oil-treat-a-child-from-epilepsy-bbc-news/,http://godsgreenery.com/wp-content/uploads/sites/10/2017/07/Can-cannabis-oil-treat-a-child-from-epilepsy-BBC-News.jpeg,Can-cannabis-oil-treat-a-child-from-epilepsy-BBC-News.jpeg,/home/christiansforcbd/public_html/wp-content/uploads/sites/10/2017/07/Can-cannabis-oil-treat-a-child-from-epilepsy-BBC-News.jpeg,481,Can-cannabis-oil-treat-a-child-from-epilepsy-BBC-News,"Can cannabis oil treat a child from epilepsy? BBC News",,Can-cannabis-oil-treat-a-child-from-epilepsy-BBC-News,,,,,,,,,"Epilepsy Treatment",,publish,1,can-cannabis-oil-treat-a-child-from-epilepsy-bbc-news,,0,0,open,20170731
483,"Cannabis and Pediatric Epilepsy Treatment","[easy_youtube_gallery id=NT-ayDCiugI]",,20170731,post,http://godsgreenery.com/blog/2017/07/31/cannabis-and-pediatric-epilepsy-treatment/,http://godsgreenery.com/wp-content/uploads/sites/10/2017/07/Cannabis-and-Pediatric-Epilepsy-Treatment-M.-Gedde-9-10-14.jpeg,Cannabis-and-Pediatric-Epilepsy-Treatment-M.-Gedde-9-10-14.jpeg,/home/christiansforcbd/public_html/wp-content/uploads/sites/10/2017/07/Cannabis-and-Pediatric-Epilepsy-Treatment-M.-Gedde-9-10-14.jpeg,484,Cannabis-and-Pediatric-Epilepsy-Treatment-M.-Gedde-9-10-14,"Cannabis and Pediatric Epilepsy Treatment",,Cannabis-and-Pediatric-Epilepsy-Treatment-M.-Gedde-9-10-14,,,,,,,,,"Doctors for CBD|Epilepsy Treatment",,publish,1,cannabis-and-pediatric-epilepsy-treatment,,0,0,open,20170731
486,"Medical Marijuana Helps Stop Seizures","[easy_youtube_gallery id=ZvKuO_-dEmc]",,20170731,post,http://godsgreenery.com/blog/2017/07/31/medical-marijuana-helps-stop-seizures/,http://godsgreenery.com/wp-content/uploads/sites/10/2017/07/Medical-Marijuana-Helps-Stop-Seizures.jpeg,Medical-Marijuana-Helps-Stop-Seizures.jpeg,/home/christiansforcbd/public_html/wp-content/uploads/sites/10/2017/07/Medical-Marijuana-Helps-Stop-Seizures.jpeg,487,Medical-Marijuana-Helps-Stop-Seizures,"Medical Marijuana Helps Stop Seizures",,Medical-Marijuana-Helps-Stop-Seizures,,,,,,,,,"Epilepsy Treatment",,publish,1,medical-marijuana-helps-stop-seizures,,0,0,open,20170731
489,"Parents, lawmakers push for CBD legalization to treat seizures","[easy_youtube_gallery id=bj55HIGa2YM]",,20170731,post,http://godsgreenery.com/blog/2017/07/31/parents-lawmakers-push-for-cbd-legalization-to-treat-seizures/,http://godsgreenery.com/wp-content/uploads/sites/10/2017/07/Parents-lawmakers-push-for-marijuana-oil-legalization-to-treat-seizures.jpeg,Parents-lawmakers-push-for-marijuana-oil-legalization-to-treat-seizures.jpeg,/home/christiansforcbd/public_html/wp-content/uploads/sites/10/2017/07/Parents-lawmakers-push-for-marijuana-oil-legalization-to-treat-seizures.jpeg,490,Parents-lawmakers-push-for-marijuana-oil-legalization-to-treat-seizures,"Parents, lawmakers push for CBD legalization to treat seizures",,Parents-lawmakers-push-for-marijuana-oil-legalization-to-treat-seizures,,,,,,,,,"Epilepsy Treatment",,publish,1,parents-lawmakers-push-for-cbd-legalization-to-treat-seizures,,0,0,open,20170731
495,"Medical Marijuana and Chronic Pain","[easy_youtube_gallery id=61XdQ6giq5k]",,20170731,post,http://godsgreenery.com/blog/2017/07/31/medical-marijuana-and-chronic-pain/,http://godsgreenery.com/wp-content/uploads/sites/10/2017/07/Medical-Marijuana-and-Chronic-Pain.jpeg,Medical-Marijuana-and-Chronic-Pain.jpeg,/home/christiansforcbd/public_html/wp-content/uploads/sites/10/2017/07/Medical-Marijuana-and-Chronic-Pain.jpeg,528,Medical-Marijuana-and-Chronic-Pain,"Medical Marijuana and Chronic Pain",,Medical-Marijuana-and-Chronic-Pain,,,,,,,,,"Doctors for CBD|Pain Management",,publish,1,medical-marijuana-and-chronic-pain,,0,0,open,20170731
498,"Cannabis Seniors Treat Pain and Arthritis, Reduce Pill Burden","[easy_youtube_gallery id=9oRJoYi5W9E]",,20170731,post,http://godsgreenery.com/blog/2017/07/31/cannabis-seniors-treat-pain-and-arthritis-reduce-pill-burden/,http://godsgreenery.com/wp-content/uploads/sites/10/2017/07/Cannabis-Use-Among-Seniors-to-Treat-Pain-and-Arthritis-Reduce-Pill-Burden.jpeg,Cannabis-Use-Among-Seniors-to-Treat-Pain-and-Arthritis-Reduce-Pill-Burden.jpeg,/home/christiansforcbd/public_html/wp-content/uploads/sites/10/2017/07/Cannabis-Use-Among-Seniors-to-Treat-Pain-and-Arthritis-Reduce-Pill-Burden.jpeg,529,Cannabis-Use-Among-Seniors-to-Treat-Pain-and-Arthritis-Reduce-Pill-Burden,"Cannabis Seniors Treat Pain and Arthritis, Reduce Pill Burden",,Cannabis-Use-Among-Seniors-to-Treat-Pain-and-Arthritis-Reduce-Pill-Burden,,,,,,,,,"Pain Management",,publish,1,cannabis-seniors-treat-pain-and-arthritis-reduce-pill-burden,,0,0,open,20170731
501,"Chronic Pain & Medical Cannabis","[easy_youtube_gallery id=1F6pWJnjE5A]",,20170731,post,http://godsgreenery.com/blog/2017/07/31/chronic-pain-medical-cannabis/,http://godsgreenery.com/wp-content/uploads/sites/10/2017/07/Chronic-Pain-Medical-Cannabis.jpeg,Chronic-Pain-Medical-Cannabis.jpeg,/home/christiansforcbd/public_html/wp-content/uploads/sites/10/2017/07/Chronic-Pain-Medical-Cannabis.jpeg,527,Chronic-Pain-Medical-Cannabis,"Chronic Pain &amp; Medical Cannabis",,Chronic-Pain-Medical-Cannabis,,,,,,,,,"Pain Management",,publish,1,chronic-pain-medical-cannabis,,0,0,open,20170731
504,"Medical marijuana versus opiates for treatment of chronic pain","[easy_youtube_gallery id=s22LVJWhBJQ]",,20170731,post,http://godsgreenery.com/blog/2017/07/31/medical-marijuana-versus-opiates-for-treatment-of-chronic-pain/,http://godsgreenery.com/wp-content/uploads/sites/10/2017/07/Medical-marijuana-versus-opiates-for-the-treatment-of-chronic-pain-in-the-modern-era.jpeg,Medical-marijuana-versus-opiates-for-the-treatment-of-chronic-pain-in-the-modern-era.jpeg,/home/christiansforcbd/public_html/wp-content/uploads/sites/10/2017/07/Medical-marijuana-versus-opiates-for-the-treatment-of-chronic-pain-in-the-modern-era.jpeg,526,Medical-marijuana-versus-opiates-for-the-treatment-of-chronic-pain-in-the-modern-era,"Medical marijuana versus opiates for treatment of chronic pain",,Medical-marijuana-versus-opiates-for-the-treatment-of-chronic-pain-in-the-modern-era,,,,,,,,,"Pain Management",,publish,1,medical-marijuana-versus-opiates-for-treatment-of-chronic-pain,,0,0,open,20170731
507,"Chronic pain patients talk medical marijuana vs opiates","[easy_youtube_gallery id=jgK9RTXRkmU]",,20170731,post,http://godsgreenery.com/blog/2017/07/31/chronic-pain-patients-talk-medical-marijuana-vs-opiates/,http://godsgreenery.com/wp-content/uploads/sites/10/2017/07/Chronic-pain-patients-talk-medical-marijuana-as-alternative-to-opiates.jpeg,Chronic-pain-patients-talk-medical-marijuana-as-alternative-to-opiates.jpeg,/home/christiansforcbd/public_html/wp-content/uploads/sites/10/2017/07/Chronic-pain-patients-talk-medical-marijuana-as-alternative-to-opiates.jpeg,525,Chronic-pain-patients-talk-medical-marijuana-as-alternative-to-opiates,"Chronic pain patients talk medical marijuana vs opiates",,Chronic-pain-patients-talk-medical-marijuana-as-alternative-to-opiates,,,,,,,,,"Pain Management",,publish,1,chronic-pain-patients-talk-medical-marijuana-vs-opiates,,0,0,open,20170731
510,"Rocky Mountain Miracles: Medical Marijuana Patient Walks Again","[easy_youtube_gallery id=z6oGHOC04uY]

&nbsp;

&nbsp;

&nbsp;",,20170731,post,http://godsgreenery.com/blog/2017/07/31/rocky-mountain-miracles-medical-marijuana-patient-walks-again-2/,http://godsgreenery.com/wp-content/uploads/sites/10/2017/07/Rocky-Mountain-Miracles-Medical-Marijuana-Helps-Patient-Walk-Again.jpeg|http://godsgreenery.com/wp-content/uploads/sites/10/2017/07/Herbal-Medicine-New-study-shows-marijuana-reduces-pain-CBC-reports.jpeg,Rocky-Mountain-Miracles-Medical-Marijuana-Helps-Patient-Walk-Again.jpeg|Herbal-Medicine-New-study-shows-marijuana-reduces-pain-CBC-reports.jpeg,/home/christiansforcbd/public_html/wp-content/uploads/sites/10/2017/07/Rocky-Mountain-Miracles-Medical-Marijuana-Helps-Patient-Walk-Again.jpeg|/home/christiansforcbd/public_html/wp-content/uploads/sites/10/2017/07/Herbal-Medicine-New-study-shows-marijuana-reduces-pain-CBC-reports.jpeg,625|512,Rocky-Mountain-Miracles-Medical-Marijuana-Helps-Patient-Walk-Again|Herbal-Medicine-New-study-shows-marijuana-reduces-pain-CBC-reports,|,|,|,,,,,,,,,"Cancer Treatment|Epilepsy Treatment",,publish,1,rocky-mountain-miracles-medical-marijuana-patient-walks-again-2,,0,0,open,20170731
514,"Rocky Mountain Miracles: Medical Marijuana Patient Walks Again",,,20170731,post,http://godsgreenery.com/?p=514,,,,,,,,,,,,,,,,,Uncategorized,,draft,1,rocky-mountain-miracles-medical-marijuana-patient-walks-again,,0,0,open,20170731
522,"Dr. Thomas Orvald - Cannabis in Pain Management","[easy_youtube_gallery id=EJsowbNoIYo]",,20170731,post,http://godsgreenery.com/blog/2017/07/31/dr-thomas-orvald-cannabis-in-pain-management/,http://godsgreenery.com/wp-content/uploads/sites/10/2017/07/Dr.-Thomas-Orvald-Cannabis-in-Pain-Management.jpeg,Dr.-Thomas-Orvald-Cannabis-in-Pain-Management.jpeg,/home/christiansforcbd/public_html/wp-content/uploads/sites/10/2017/07/Dr.-Thomas-Orvald-Cannabis-in-Pain-Management.jpeg,523,Dr.-Thomas-Orvald-Cannabis-in-Pain-Management,"Dr. Thomas Orvald - Cannabis in Pain Management",,Dr.-Thomas-Orvald-Cannabis-in-Pain-Management,,,,,,,,,"Doctors for CBD|Pain Management",,publish,1,dr-thomas-orvald-cannabis-in-pain-management,,0,0,open,20170731
530,"Chronic Back Pain and Cannabis: Kevin Ameling of Colorado 2013","[easy_youtube_gallery id=ZkHDfVQ7g-4]",,20170731,post,http://godsgreenery.com/blog/2017/07/31/chronic-back-pain-and-cannabis-kevin-ameling-of-colorado-2013/,http://godsgreenery.com/wp-content/uploads/sites/10/2017/07/Chronic-Back-Pain-and-Cannabis-Kevin-Ameling-of-Colorado-2013.jpeg,Chronic-Back-Pain-and-Cannabis-Kevin-Ameling-of-Colorado-2013.jpeg,/home/christiansforcbd/public_html/wp-content/uploads/sites/10/2017/07/Chronic-Back-Pain-and-Cannabis-Kevin-Ameling-of-Colorado-2013.jpeg,531,Chronic-Back-Pain-and-Cannabis-Kevin-Ameling-of-Colorado-2013,"Chronic Back Pain and Cannabis: Kevin Ameling of Colorado 2013",,Chronic-Back-Pain-and-Cannabis-Kevin-Ameling-of-Colorado-2013,,,,,,,,,"Pain Management",,publish,1,chronic-back-pain-and-cannabis-kevin-ameling-of-colorado-2013,,0,0,open,20170731
533,"Using Cannabis in the Treatment of Chronic Pain","[easy_youtube_gallery id=kkYpeCfd4SE]",,20170731,post,http://godsgreenery.com/blog/2017/07/31/using-cannabis-in-the-treatment-of-chronic-pain/,http://godsgreenery.com/wp-content/uploads/sites/10/2017/07/Using-Cannabis-in-the-Treatment-of-Chronic-Pain.jpeg,Using-Cannabis-in-the-Treatment-of-Chronic-Pain.jpeg,/home/christiansforcbd/public_html/wp-content/uploads/sites/10/2017/07/Using-Cannabis-in-the-Treatment-of-Chronic-Pain.jpeg,534,Using-Cannabis-in-the-Treatment-of-Chronic-Pain,"Using Cannabis in the Treatment of Chronic Pain",,Using-Cannabis-in-the-Treatment-of-Chronic-Pain,,,,,,,,,"Doctors for CBD|Pain Management",,publish,1,using-cannabis-in-the-treatment-of-chronic-pain,,0,0,open,20170731
536,"Medical Marijuana Neuropathic Pain","[easy_youtube_gallery id=F_YJxzhShNs]",,20170731,post,http://godsgreenery.com/blog/2017/07/31/medical-marijuana-neuropathic-pain/,http://godsgreenery.com/wp-content/uploads/sites/10/2017/07/Medical-Marijuana-Neuropathic-Pain.jpeg,Medical-Marijuana-Neuropathic-Pain.jpeg,/home/christiansforcbd/public_html/wp-content/uploads/sites/10/2017/07/Medical-Marijuana-Neuropathic-Pain.jpeg,537,Medical-Marijuana-Neuropathic-Pain,"Medical Marijuana Neuropathic Pain",,Medical-Marijuana-Neuropathic-Pain,,,,,,,,,"Doctors for CBD|Pain Management",,publish,1,medical-marijuana-neuropathic-pain,,0,0,open,20170731
542,"Cannabis treatment for autism self agression","[easy_youtube_gallery id=BcuZ3C9Q3Jg]",,20170731,post,http://godsgreenery.com/blog/2017/07/31/cannabis-treatment-for-autism-self-agression/,http://godsgreenery.com/wp-content/uploads/sites/10/2017/07/Cannabis-treatment-for-autism-self-agression.jpeg,Cannabis-treatment-for-autism-self-agression.jpeg,/home/christiansforcbd/public_html/wp-content/uploads/sites/10/2017/07/Cannabis-treatment-for-autism-self-agression.jpeg,543,Cannabis-treatment-for-autism-self-agression,"Cannabis treatment for autism self agression",,Cannabis-treatment-for-autism-self-agression,,,,,,,,,"Autism Treatment",,publish,1,cannabis-treatment-for-autism-self-agression,video,0,0,open,20170731
545,"Medical Marijuana Used To Treat Autism In Children","[easy_youtube_gallery id=nwi--2aXhnU]",,20170731,post,http://godsgreenery.com/blog/2017/07/31/medical-marijuana-used-to-treat-autism-in-children/,http://godsgreenery.com/wp-content/uploads/sites/10/2017/07/Medical-Marijuana-Used-To-Treat-Autism-In-Children.jpeg,Medical-Marijuana-Used-To-Treat-Autism-In-Children.jpeg,/home/christiansforcbd/public_html/wp-content/uploads/sites/10/2017/07/Medical-Marijuana-Used-To-Treat-Autism-In-Children.jpeg,546,Medical-Marijuana-Used-To-Treat-Autism-In-Children,"Medical Marijuana Used To Treat Autism In Children",,Medical-Marijuana-Used-To-Treat-Autism-In-Children,,,,,,,,,"Autism Treatment",,publish,1,medical-marijuana-used-to-treat-autism-in-children,,0,0,open,20170731
548,"Medical Marijuana and Autism","[easy_youtube_gallery id=zk8JD_-uySc]",,20170731,post,http://godsgreenery.com/blog/2017/07/31/medical-marijuana-and-autism/,http://godsgreenery.com/wp-content/uploads/sites/10/2017/07/Medical-Marijuana-and-Autism.jpeg,Medical-Marijuana-and-Autism.jpeg,/home/christiansforcbd/public_html/wp-content/uploads/sites/10/2017/07/Medical-Marijuana-and-Autism.jpeg,549,Medical-Marijuana-and-Autism,"Medical Marijuana and Autism",,Medical-Marijuana-and-Autism,,,,,,,,,"Autism Treatment",,publish,1,medical-marijuana-and-autism,,0,0,open,20170731
551,"Medical Cannabis for Autism Study","[easy_youtube_gallery id=Giz_c8mmE4A]",,20170731,post,http://godsgreenery.com/blog/2017/07/31/medical-cannabis-for-autism-study/,http://godsgreenery.com/wp-content/uploads/sites/10/2017/07/Medical-Cannabis-for-Autism-Study.jpeg,Medical-Cannabis-for-Autism-Study.jpeg,/home/christiansforcbd/public_html/wp-content/uploads/sites/10/2017/07/Medical-Cannabis-for-Autism-Study.jpeg,552,Medical-Cannabis-for-Autism-Study,"Medical Cannabis for Autism Study",,Medical-Cannabis-for-Autism-Study,,,,,,,,,"Autism Treatment",,publish,1,medical-cannabis-for-autism-study,,0,0,open,20170731
554,"CBD Oil Journey For Autism self injurious behaviors","[easy_youtube_gallery id=0D-XWKFSW8E]",,20170731,post,http://godsgreenery.com/blog/2017/07/31/cbd-oil-journey-for-autism-self-injurious-behaviors/,http://godsgreenery.com/wp-content/uploads/sites/10/2017/07/CBD-Oil-Journey-For-Autism-self-injurious-behaviors.jpeg,CBD-Oil-Journey-For-Autism-self-injurious-behaviors.jpeg,/home/christiansforcbd/public_html/wp-content/uploads/sites/10/2017/07/CBD-Oil-Journey-For-Autism-self-injurious-behaviors.jpeg,555,CBD-Oil-Journey-For-Autism-self-injurious-behaviors,"CBD Oil Journey For Autism self injurious behaviors",,CBD-Oil-Journey-For-Autism-self-injurious-behaviors,,,,,,,,,"Autism Treatment",,publish,1,cbd-oil-journey-for-autism-self-injurious-behaviors,,0,0,open,20170731
557,"Cannabis Changed This Autistic Toddler's Life Forever","[easy_youtube_gallery id=YaMnNj1sg_U]",,20170731,post,http://godsgreenery.com/blog/2017/07/31/cannabis-changed-this-autistic-toddlers-life-forever/,http://godsgreenery.com/wp-content/uploads/sites/10/2017/07/Cannabis-Changed-This-Autistic-Toddlers-Life-Forever.jpeg,Cannabis-Changed-This-Autistic-Toddlers-Life-Forever.jpeg,/home/christiansforcbd/public_html/wp-content/uploads/sites/10/2017/07/Cannabis-Changed-This-Autistic-Toddlers-Life-Forever.jpeg,558,Cannabis-Changed-This-Autistic-Toddlers-Life-Forever,"Cannabis Changed This Autistic Toddler&#039;s Life Forever",,Cannabis-Changed-This-Autistic-Toddlers-Life-Forever,,,,,,,,,"Autism Treatment",,publish,1,cannabis-changed-this-autistic-toddlers-life-forever,,0,0,open,20170731
560,"Local family using cannabis oil to treat children with autism","[easy_youtube_gallery id=93aqtNnP3oU]",,-00011130,post,http://godsgreenery.com/?p=560,http://godsgreenery.com/wp-content/uploads/sites/10/2017/07/Local-family-using-cannabis-oil-to-treat-children-with-autism.jpeg,Local-family-using-cannabis-oil-to-treat-children-with-autism.jpeg,/home/christiansforcbd/public_html/wp-content/uploads/sites/10/2017/07/Local-family-using-cannabis-oil-to-treat-children-with-autism.jpeg,561,Local-family-using-cannabis-oil-to-treat-children-with-autism,"Local family using cannabis oil to treat children with autism",,Local-family-using-cannabis-oil-to-treat-children-with-autism,,,,,,,,,"Autism Treatment",,draft,1,,,0,0,open,-00011130
563,"Local family using cannabis oil to treat children with autism","[easy_youtube_gallery id=93aqtNnP3oU]",,20170731,post,http://godsgreenery.com/blog/2017/07/31/local-family-using-cannabis-oil-to-treat-children-with-autism/,http://godsgreenery.com/wp-content/uploads/sites/10/2017/07/placeholder..png,placeholder..png,/home/christiansforcbd/public_html/wp-content/uploads/sites/10/2017/07/placeholder..png,564,placeholder.,,,,,,,,,,,,"Autism Treatment",,publish,1,local-family-using-cannabis-oil-to-treat-children-with-autism,,0,0,open,20170731
566,"Medical Marijuana Managing Violent Autism","[easy_youtube_gallery id=Blb3h4AMkS8]",,20170731,post,http://godsgreenery.com/blog/2017/07/31/medical-marijuana-managing-violent-autism/,http://godsgreenery.com/wp-content/uploads/sites/10/2017/07/Medical-Marijuana-Managing-Violent-Autism.jpeg,Medical-Marijuana-Managing-Violent-Autism.jpeg,/home/christiansforcbd/public_html/wp-content/uploads/sites/10/2017/07/Medical-Marijuana-Managing-Violent-Autism.jpeg,567,Medical-Marijuana-Managing-Violent-Autism,"Medical Marijuana Managing Violent Autism",,Medical-Marijuana-Managing-Violent-Autism,,,,,,,,,"Autism Treatment",,publish,1,medical-marijuana-managing-violent-autism,,0,0,open,20170731
569,"Medical Marijuana Treating Autism In Children","[easy_youtube_gallery id=cuyayoOqc4M]",,20170731,post,http://godsgreenery.com/blog/2017/07/31/medical-marijuana-treating-autism-in-children/,http://godsgreenery.com/wp-content/uploads/sites/10/2017/07/Medical-Marijuana-Treating-Autism-In-Children.jpeg,Medical-Marijuana-Treating-Autism-In-Children.jpeg,/home/christiansforcbd/public_html/wp-content/uploads/sites/10/2017/07/Medical-Marijuana-Treating-Autism-In-Children.jpeg,570,Medical-Marijuana-Treating-Autism-In-Children,"Medical Marijuana Treating Autism In Children",,Medical-Marijuana-Treating-Autism-In-Children,,,,,,,,,"Autism Treatment",,publish,1,medical-marijuana-treating-autism-in-children,,0,0,open,20170731
585,"Ride With Larry Medical CBD Parkinson's Treatment","[easy_youtube_gallery id=zNT8Zo_sfwo]",,20170731,post,http://godsgreenery.com/blog/2017/07/31/ride-with-larry-medical-cbd-parkinsons-treatment/,http://godsgreenery.com/wp-content/uploads/sites/10/2017/07/Medical-Marijuana-and-Parkinsons-Part-3-of-3.jpeg,Medical-Marijuana-and-Parkinsons-Part-3-of-3.jpeg,/home/christiansforcbd/public_html/wp-content/uploads/sites/10/2017/07/Medical-Marijuana-and-Parkinsons-Part-3-of-3.jpeg,587,Medical-Marijuana-and-Parkinsons-Part-3-of-3,"Ride With Larry Medical CBD Parkinson&#039;s Treatment",,Medical-Marijuana-and-Parkinsons-Part-3-of-3,,,,,,,,,"Parkinson's Treatment",,publish,1,ride-with-larry-medical-cbd-parkinsons-treatment,,0,0,open,20170731
594,"Cannabis and Parkinson's","[easy_youtube_gallery id=2cJle9bsfV8]",,20170801,post,http://godsgreenery.com/blog/2017/08/01/cannabis-and-parkinsons/,http://godsgreenery.com/wp-content/uploads/sites/10/2017/08/Cannabis-and-Parkinsons.jpeg,Cannabis-and-Parkinsons.jpeg,/home/christiansforcbd/public_html/wp-content/uploads/sites/10/2017/08/Cannabis-and-Parkinsons.jpeg,595,Cannabis-and-Parkinsons,"Cannabis and Parkinson&#039;s",,Cannabis-and-Parkinsons,,,,,,,,,"Doctors for CBD|Parkinson's Treatment",,publish,1,cannabis-and-parkinsons,,0,0,open,20170801
597,"Parkinson's Disease tremor control with medicinal cannabis","[easy_youtube_gallery id=rAdDdTZuNA8]",,20170801,post,http://godsgreenery.com/blog/2017/08/01/parkinsons-disease-tremor-control-with-medicinal-cannabis/,http://godsgreenery.com/wp-content/uploads/sites/10/2017/08/Parkinsons-Disease-tremor-control-with-medicinal-cannabis.jpeg,Parkinsons-Disease-tremor-control-with-medicinal-cannabis.jpeg,/home/christiansforcbd/public_html/wp-content/uploads/sites/10/2017/08/Parkinsons-Disease-tremor-control-with-medicinal-cannabis.jpeg,598,Parkinsons-Disease-tremor-control-with-medicinal-cannabis,"Parkinson&#039;s Disease tremor control with medicinal cannabis",,Parkinsons-Disease-tremor-control-with-medicinal-cannabis,,,,,,,,,"Parkinson's Treatment",,publish,1,parkinsons-disease-tremor-control-with-medicinal-cannabis,,0,0,open,20170801
600,"Parkinson's Patient Finds Better Quality of Life with CBD","[easy_youtube_gallery id=ah2l2CYlpuM]",,20170801,post,http://godsgreenery.com/blog/2017/08/01/parkinsons-patient-finds-better-quality-of-life-with-cbd/,http://godsgreenery.com/wp-content/uploads/sites/10/2017/08/Parkinsons-Patient-Finds-Better-Quality-of-Life-with-Medical-Cannabis.jpeg,Parkinsons-Patient-Finds-Better-Quality-of-Life-with-Medical-Cannabis.jpeg,/home/christiansforcbd/public_html/wp-content/uploads/sites/10/2017/08/Parkinsons-Patient-Finds-Better-Quality-of-Life-with-Medical-Cannabis.jpeg,601,Parkinsons-Patient-Finds-Better-Quality-of-Life-with-Medical-Cannabis,"Parkinson&#039;s Patient Finds Better Quality of Life with CBD",,Parkinsons-Patient-Finds-Better-Quality-of-Life-with-Medical-Cannabis,,,,,,,,,"Parkinson's Treatment",,publish,1,parkinsons-patient-finds-better-quality-of-life-with-cbd,,0,0,open,20170801
603,"Parkinson's Disease and Cannabis Oil","[easy_youtube_gallery id=XP5yxaVksbY]",,20170801,post,http://godsgreenery.com/blog/2017/08/01/parkinsons-disease-and-cannabis-oil/,http://godsgreenery.com/wp-content/uploads/sites/10/2017/08/Parkinsons-Disease-and-Cannabis-Oil.jpeg,Parkinsons-Disease-and-Cannabis-Oil.jpeg,/home/christiansforcbd/public_html/wp-content/uploads/sites/10/2017/08/Parkinsons-Disease-and-Cannabis-Oil.jpeg,604,Parkinsons-Disease-and-Cannabis-Oil,"Parkinson&#039;s Disease and Cannabis Oil",,Parkinsons-Disease-and-Cannabis-Oil,,,,,,,,,"Parkinson's Treatment",,publish,1,parkinsons-disease-and-cannabis-oil,,0,0,open,20170801
606,"Cannabis & Parkinson's Disease - Maureen Leehey, MD","[easy_youtube_gallery id=REmATd2qthQ]",,20170801,post,http://godsgreenery.com/blog/2017/08/01/cannabis-parkinsons-disease-maureen-leehey-md/,http://godsgreenery.com/wp-content/uploads/sites/10/2017/08/Cannabis-Parkinsons-Disease-Growing-Like-a-Weed-Maureen-Leehey-MD.jpeg,Cannabis-Parkinsons-Disease-Growing-Like-a-Weed-Maureen-Leehey-MD.jpeg,/home/christiansforcbd/public_html/wp-content/uploads/sites/10/2017/08/Cannabis-Parkinsons-Disease-Growing-Like-a-Weed-Maureen-Leehey-MD.jpeg,607,Cannabis-Parkinsons-Disease-Growing-Like-a-Weed-Maureen-Leehey-MD,"Cannabis &amp; Parkinson&#039;s Disease - Maureen Leehey, MD",,Cannabis-Parkinsons-Disease-Growing-Like-a-Weed-Maureen-Leehey-MD,,,,,,,,,"Doctors for CBD|Parkinson's Treatment",,publish,1,cannabis-parkinsons-disease-maureen-leehey-md,,0,0,open,20170801
609,"Parkinsons with Hemp Oil","[easy_youtube_gallery id=yXg1huWisKI]",,20170801,post,http://godsgreenery.com/blog/2017/08/01/parkinsons-with-hemp-oil/,http://godsgreenery.com/wp-content/uploads/sites/10/2017/08/Parkinsons-with-Hemp-Oil.jpeg,Parkinsons-with-Hemp-Oil.jpeg,/home/christiansforcbd/public_html/wp-content/uploads/sites/10/2017/08/Parkinsons-with-Hemp-Oil.jpeg,612,Parkinsons-with-Hemp-Oil,"Parkinsons with Hemp Oil",,Parkinsons-with-Hemp-Oil,,,,,,,,,"Parkinson's Treatment",,publish,1,parkinsons-with-hemp-oil,,0,0,open,20170801
614,"Cannabis Slows Parkinson’s Disease Progression","[easy_youtube_gallery id=2VACOR79dpc]",,20170801,post,http://godsgreenery.com/blog/2017/08/01/cannabis-slows-parkinsons-disease-progression/,http://godsgreenery.com/wp-content/uploads/sites/10/2017/08/Cannabis-Slows-Parkinson’s-Disease-Progression.jpeg,Cannabis-Slows-Parkinson’s-Disease-Progression.jpeg,/home/christiansforcbd/public_html/wp-content/uploads/sites/10/2017/08/Cannabis-Slows-Parkinson’s-Disease-Progression.jpeg,615,Cannabis-Slows-Parkinson’s-Disease-Progression,"Cannabis Slows Parkinson’s Disease Progression",,Cannabis-Slows-Parkinson’s-Disease-Progression,,,,,,,,,"Parkinson's Treatment",,publish,1,cannabis-slows-parkinsons-disease-progression,,0,0,open,20170801
617,"AUSTRALIA: Parkinson's sufferer seeking legal cannabis","[easy_youtube_gallery id=xe8jTg2MKDE]",,20170801,post,http://godsgreenery.com/blog/2017/08/01/australia-parkinsons-sufferer-seeking-legal-cannabis/,http://godsgreenery.com/wp-content/uploads/sites/10/2017/08/AUSTRALIA-Parkinsons-sufferer-seeking-legal-cannabis.jpeg,AUSTRALIA-Parkinsons-sufferer-seeking-legal-cannabis.jpeg,/home/christiansforcbd/public_html/wp-content/uploads/sites/10/2017/08/AUSTRALIA-Parkinsons-sufferer-seeking-legal-cannabis.jpeg,618,AUSTRALIA-Parkinsons-sufferer-seeking-legal-cannabis,"AUSTRALIA: Parkinson&#039;s sufferer seeking legal cannabis",,AUSTRALIA-Parkinsons-sufferer-seeking-legal-cannabis,,,,,,,,,"Parkinson's Treatment",,publish,1,australia-parkinsons-sufferer-seeking-legal-cannabis,,0,0,open,20170801
620,"Cannabis For Parkinsons","[easy_youtube_gallery id=5otT74z00gE]",,20170801,post,http://godsgreenery.com/blog/2017/08/01/cannabis-for-parkinsons/,http://godsgreenery.com/wp-content/uploads/sites/10/2017/08/Cannabis-For-Parkinsons.jpeg,Cannabis-For-Parkinsons.jpeg,/home/christiansforcbd/public_html/wp-content/uploads/sites/10/2017/08/Cannabis-For-Parkinsons.jpeg,621,Cannabis-For-Parkinsons,"Cannabis For Parkinsons",,Cannabis-For-Parkinsons,,,,,,,,,"Parkinson's Treatment",,publish,1,cannabis-for-parkinsons,,0,0,open,20170801
665,"What is CBD?","[easy_youtube_gallery id=swZgE4ExoQo]

<img class="" wp-image-1475 alignleft"" src=""http://cbdherald.com/wp-content/uploads/2017/06/Brian-whats-CBD.png"" alt="""" width=""522"" height=""261"" /><span>Cannabidiol or CBD are the non-psychoactive components of Hemp and cannabis.  Non-psychoactive means they are not mind altering.  CBDs do have a neurological response, in fact they have many responses.  You see, there are Cannabinoid Receptors in the brain.  Our brains actually have something termed an endocannabinoid system.  </span><span>The </span><b>endocannabinoid system</b><span> (</span><b>ECS</b><span>) is made up of endogenous cannabinoid receptors.  The Cannabinoid Receptors are comprised of two parts: The Neuromodulatory Lipids and their Receptors. The ECS is  located in the mammalian brain and is runs through the central and peripheral nervous systems.  The ECS is often referred to as  ""the body’s own cannabinoid system"",</span><span> the ECS affects pain sensitivity, the appetite, memory, and mood.  Ok and here’s a fun fact: CBDs actually counter the effects of THC on the brain.</span>

<span style=""font-weight: 400;"">Many endocannabinoid receptors are present in the brain, two primary receptors have been identified: CB1 and CB2. CB1 receptors are prevalent in the nervous system and the brain.  However the CB1 receptors are also present in peripheral organs and tissues.</span>

&nbsp;

<img class=""size-full wp-image-1528 aligncenter"" src=""http://cbdherald.com/wp-content/uploads/2017/06/Human-Endocannabinoid-System.jpg"" alt="""" width=""1050"" height=""807"" />

So, let's recap.  CBDs are not psychoactive.  You don't get high from using CBDs.  Our brains have an <b>endocannabinoid system </b>that tracks through our brain and nervous system.  CBDs are the only compound that stimulate neuro-chemical reactions in our ECS.  CBDs are proving to have wide ranging <a href=""http://cbdherald.com/2017/06/cbds-reduces-seizures-in-severe-epilepsy-disorder-patients-the-study/"">medical benefits</a> that are being used to treat <a href=""http://cbdherald.com/2017/06/cbds-reduces-seizures-in-severe-epilepsy-disorder-patients-the-study/"">severe seizure</a> conditions, skin conditions, Parkinson's, strokes, and other traumatic brain injuries.  The future of CBDs in medicine is certain.  The only question is to what extent and how far ranging are the conditions they will treat.

Join us for our follow up article next week on the difference between FDA approved CBDs currently on the market and the CBDs being used in these studies and being offered in the medical dispensaries around the world.",,20170808,post,http://godsgreenery.com/blog/2017/08/08/httpchristiansforcbd-comblog20170619what-are-cbds/,http://godsgreenery.com/wp-content/uploads/sites/10/2017/06/Cannabidiol-Molecule-1024x640.jpg,Cannabidiol-Molecule-1024x640.jpg,/home/christiansforcbd/public_html/wp-content/uploads/sites/10/2017/06/Cannabidiol-Molecule-1024x640.jpg,26,Cannabidiol-Molecule-1024x640,,,,,,,,,,,,"CBD Healing Info",,publish,1,httpchristiansforcbd-comblog20170619what-are-cbds,,0,0,open,20170822
686,"Cannabis Oil and MS (Multiple Sclerosis)","[easy_youtube_gallery id=SmAwKP-sz34]",,20170809,post,http://godsgreenery.com/blog/2017/08/09/cannabis-oil-and-ms-multiple-sclerosis/,http://godsgreenery.com/wp-content/uploads/sites/10/2017/08/Cannabis-Oil-and-MS-Multiple-Sclerosis.jpeg,Cannabis-Oil-and-MS-Multiple-Sclerosis.jpeg,/home/christiansforcbd/public_html/wp-content/uploads/sites/10/2017/08/Cannabis-Oil-and-MS-Multiple-Sclerosis.jpeg,684,Cannabis-Oil-and-MS-Multiple-Sclerosis,"Cannabis Oil and MS (Multiple Sclerosis)",,Cannabis-Oil-and-MS-Multiple-Sclerosis,,,,,,,,,"Multiple Sclerosis",,publish,1,cannabis-oil-and-ms-multiple-sclerosis,,0,0,open,20170809
706,"Doctor Sue Sisley Studies Treating PTSD with Cannabis","[easy_youtube_gallery id=UVmTqnn1Rr4]",,20170809,post,http://godsgreenery.com/blog/2017/08/09/doctor-sue-sisley-studies-treating-ptsd-with-cannabis/,http://godsgreenery.com/wp-content/uploads/sites/10/2017/08/Doctor-Sue-Sisley-Studies-Treating-PTSD-with-Cannabis.jpeg,Doctor-Sue-Sisley-Studies-Treating-PTSD-with-Cannabis.jpeg,/home/christiansforcbd/public_html/wp-content/uploads/sites/10/2017/08/Doctor-Sue-Sisley-Studies-Treating-PTSD-with-Cannabis.jpeg,707,Doctor-Sue-Sisley-Studies-Treating-PTSD-with-Cannabis,"Doctor Sue Sisley Studies Treating PTSD with Cannabis",,Doctor-Sue-Sisley-Studies-Treating-PTSD-with-Cannabis,,,,,,,,,"Doctors for CBD|PTSD Treatment",,publish,1,doctor-sue-sisley-studies-treating-ptsd-with-cannabis,,0,0,open,20170809
711,"Cannabis, CBD and Depression","[easy_youtube_gallery id=v40C4d00ClQ]",,20170809,post,http://godsgreenery.com/blog/2017/08/09/cannabis-cbd-and-depression/,http://godsgreenery.com/wp-content/uploads/sites/10/2017/08/Cannabis-CBD-and-Depression.jpeg,Cannabis-CBD-and-Depression.jpeg,/home/christiansforcbd/public_html/wp-content/uploads/sites/10/2017/08/Cannabis-CBD-and-Depression.jpeg,712,Cannabis-CBD-and-Depression,"Cannabis, CBD and Depression",,Cannabis-CBD-and-Depression,,,,,,,,,"Treatment for Depression",,publish,1,cannabis-cbd-and-depression,,0,0,open,20170809
880,"Doctors for CBD Treatment",,,20170819,post,http://doctors.christiansforcbd.com/,http://godsgreenery.com/wp-content/uploads/sites/10/2017/08/Dr-for-CBD-Featured-Image.jpg,Dr-for-CBD-Featured-Image.jpg,/home/christiansforcbd/public_html/wp-content/uploads/sites/10/2017/08/Dr-for-CBD-Featured-Image.jpg,892,"Dr for CBD Featured Image",,,,,,,,,,,,"Doctors for CBD|Featured",,publish,1,doctors-for-cbd-treatment,,0,0,open,20170819
884,"Epilepsy Treatment Videos",,,20170821,post,http://epilepsy.christiansforcbd.com/,http://godsgreenery.com/wp-content/uploads/sites/10/2017/08/WATCH-Cannatol-Rx-Cannabis-Nasal-Spray-Stops-Childrens’-Seizures-Within-20-Seconds.jpeg,WATCH-Cannatol-Rx-Cannabis-Nasal-Spray-Stops-Childrens’-Seizures-Within-20-Seconds.jpeg,/home/christiansforcbd/public_html/wp-content/uploads/sites/10/2017/08/WATCH-Cannatol-Rx-Cannabis-Nasal-Spray-Stops-Childrens’-Seizures-Within-20-Seconds.jpeg,913,WATCH-Cannatol-Rx-Cannabis-Nasal-Spray-Stops-Childrens’-Seizures-Within-20-Seconds,,,,,,,,,,,,Featured,,publish,1,epilepsy-treatment-videos,,0,0,open,20170821
888,"Autism Treatment Videos",,,20170811,post,http://autism.christiansforcbd.com/,http://godsgreenery.com/wp-content/uploads/sites/10/2017/08/Autism-Featured-Image.jpg,Autism-Featured-Image.jpg,/home/christiansforcbd/public_html/wp-content/uploads/sites/10/2017/08/Autism-Featured-Image.jpg,891,"Autism Featured Image",,,,,,,,,,,,Featured,,publish,1,autism-treatment-videos,,0,0,open,20170811
893,"Cancer Treatment Videos",,,20170821,post,http://cancer.christiansforcbd.com/,http://godsgreenery.com/wp-content/uploads/sites/10/2017/08/Cancer-Featured-Image.jpg,Cancer-Featured-Image.jpg,/home/christiansforcbd/public_html/wp-content/uploads/sites/10/2017/08/Cancer-Featured-Image.jpg,895,"Cancer Featured Image",,,,,,,,,,,,Featured,,publish,1,cancer-treatment-videos,,0,0,open,20170821
896,"Chronic Pain Treatment Videos",,,20170821,post,http://pain.christiansforcbd.com/,http://godsgreenery.com/wp-content/uploads/sites/10/2017/08/Pain-Treatment-featured-Image.jpg,Pain-Treatment-featured-Image.jpg,/home/christiansforcbd/public_html/wp-content/uploads/sites/10/2017/08/Pain-Treatment-featured-Image.jpg,898,"Pain Treatment featured Image",,,,,,,,,,,,Featured,,publish,1,chronic-pain-treatment-videos,,0,0,open,20170821
900,"Parkinson's Treatment Videos",,,20170821,post,http://parkinsons.christiansforcbd.com/,http://godsgreenery.com/wp-content/uploads/sites/10/2017/08/Parkinsons-Featured-Image.jpg,Parkinsons-Featured-Image.jpg,/home/christiansforcbd/public_html/wp-content/uploads/sites/10/2017/08/Parkinsons-Featured-Image.jpg,901,"Parkinsons Featured Image",,,,,,,,,,,,Featured,,publish,1,parkinsons-treatment-videos,,0,0,open,20170821
1040,"Study Confirms Cannabinoid Lowers Blood Pressure","[advanced_iframe securitykey=""b6b676eecaf6ef560c340469f8477b7b26f83be6"" use_shortcode_attributes_only=""true"" src=""http://cbdtreatmentblog.com/2017/07/10/blood-pressure-reduced-during-cbd-study-the-results-are-in/"" width=""100%"" height=""600""  id=""advanced_iframe"" allowfullscreen=""true"" add_css_class_iframe=""true"" onload_show_element_only="".entry-content"" iframe_content_id="".content-entry"" resize_on_ajax_jquery=""false"" hide_page_until_loaded_external=""true"" multi_domain_enabled=""true"" use_post_message=""true""]",,20170819,post,http://godsgreenery.com/blog/2017/08/19/study-confirms-cannabinoid-lowers-blood-pressure/,http://godsgreenery.com/wp-content/uploads/sites/10/2017/08/cannabis-can-help-high-blood-pressure-1.jpg,cannabis-can-help-high-blood-pressure-1.jpg,/home/christiansforcbd/public_html/wp-content/uploads/sites/10/2017/08/cannabis-can-help-high-blood-pressure-1.jpg,1041,cannabis-can-help-high-blood-pressure-1,,,,,,,,,,,,"CBD Healing Info|CBD Healing News|CBD Stories of Healing",,publish,1,study-confirms-cannabinoid-lowers-blood-pressure,,0,0,open,20170819
1048,"Multiple Sclerosis Treatment Videos",,,20170819,post,http://ms.christiansforcbd.com,http://godsgreenery.com/wp-content/uploads/sites/10/2017/08/1412910938Cannabis-Oil-and-MS-Multiple-Sclerosis.jpeg,1412910938Cannabis-Oil-and-MS-Multiple-Sclerosis.jpeg,/home/christiansforcbd/public_html/wp-content/uploads/sites/10/2017/08/1412910938Cannabis-Oil-and-MS-Multiple-Sclerosis.jpeg,731,1412910938Cannabis-Oil-and-MS-Multiple-Sclerosis,,,,,,,,,,,,"Featured|Multiple Sclerosis",,publish,1,multiple-sclerosis-treatment-videos,,0,0,open,20170819
1053,"Alzheimer's Treatment Videos",,,20170819,post,http://alzheimers.christiansforcbd.com,http://godsgreenery.com/wp-content/uploads/sites/10/2017/07/Why-I-changed-my-mind-about-medicinal-cannabis-Hugh-Hempel-TEDxUniversityofNevada.jpeg,Why-I-changed-my-mind-about-medicinal-cannabis-Hugh-Hempel-TEDxUniversityofNevada.jpeg,/home/christiansforcbd/public_html/wp-content/uploads/sites/10/2017/07/Why-I-changed-my-mind-about-medicinal-cannabis-Hugh-Hempel-TEDxUniversityofNevada.jpeg,76,Why-I-changed-my-mind-about-medicinal-cannabis-Hugh-Hempel-TEDxUniversityofNevada,,,,,,,,,,,,"Alzheimer's Treatment|Featured",,publish,1,alzheimers-treatment-videos,,0,0,open,20170819
1055,"PTSD Treatment Videos",,,20170819,post,http://ptsd.christiansforcbd.com,http://godsgreenery.com/wp-content/uploads/sites/10/2017/08/1271833700Doctor-Sue-Sisley-Studies-Treating-PTSD-with-Cannabis.jpeg,1271833700Doctor-Sue-Sisley-Studies-Treating-PTSD-with-Cannabis.jpeg,/home/christiansforcbd/public_html/wp-content/uploads/sites/10/2017/08/1271833700Doctor-Sue-Sisley-Studies-Treating-PTSD-with-Cannabis.jpeg,732,1271833700Doctor-Sue-Sisley-Studies-Treating-PTSD-with-Cannabis,,,,,,,,,,,,"Featured|PTSD Treatment",,publish,1,ptsd-treatment-videos,,0,0,open,20170819
1057,"Anxiety Treatment Videos",,,20170821,post,http://anxiety.christiansforcbd.com,http://godsgreenery.com/wp-content/uploads/sites/10/2017/08/No-More-Anxiety-Meds-w-CBD-1024x576.jpeg,No-More-Anxiety-Meds-w-CBD-1024x576.jpeg,/home/christiansforcbd/public_html/wp-content/uploads/sites/10/2017/08/No-More-Anxiety-Meds-w-CBD-1024x576.jpeg,1059,No-More-Anxiety-Meds-w-CBD-1024x576,,,,,,,,,,,,Anxiety|Featured,,publish,1,anxiety-treatment-videos,,0,0,open,20170821
1061,"Traumatic Brain Injury Videos",,,20170819,post,http://tbi.christiansforcbd.com,http://godsgreenery.com/wp-content/uploads/sites/10/2017/08/Baltimore-Family-Uses-CBD-Hemp-Oil-for-Daughter-Suffering-Traumatic-Brain-Injury-1024x576.jpeg,Baltimore-Family-Uses-CBD-Hemp-Oil-for-Daughter-Suffering-Traumatic-Brain-Injury-1024x576.jpeg,/home/christiansforcbd/public_html/wp-content/uploads/sites/10/2017/08/Baltimore-Family-Uses-CBD-Hemp-Oil-for-Daughter-Suffering-Traumatic-Brain-Injury-1024x576.jpeg,1062,Baltimore-Family-Uses-CBD-Hemp-Oil-for-Daughter-Suffering-Traumatic-Brain-Injury-1024x576,,,,,,,,,,,,Featured,,publish,1,traumatic-brain-injury-videos,,0,0,open,20170819
1064,"CBD and Depression Videos",,,20170810,post,http://depression.christiansforcbd.com,http://godsgreenery.com/wp-content/uploads/sites/10/2017/08/Can-Cannabidiol-Alleviate-Depression-1024x576.jpeg,Can-Cannabidiol-Alleviate-Depression-1024x576.jpeg,/home/christiansforcbd/public_html/wp-content/uploads/sites/10/2017/08/Can-Cannabidiol-Alleviate-Depression-1024x576.jpeg,1078,Can-Cannabidiol-Alleviate-Depression-1024x576,,,,,,,,,,,,Featured,,publish,1,cbd-and-depression-videos,,0,0,open,20170819
1068,"Results are in - Seizures Reduced by CBD Treatment","[advanced_iframe securitykey=""b6b676eecaf6ef560c340469f8477b7b26f83be6"" use_shortcode_attributes_only=""true"" src=""http://cbdherald.com/2017/06/cbds-reduces-seizures-in-severe-epilepsy-disorder-patients-the-study/"" width=""100%"" height=""600"" id=""advanced_iframe"" add_css_class_iframe=""true"" onload_show_element_only=""#content"" resize_on_ajax_jquery=""false"" use_post_message=""true"" ]",,20170819,post,http://godsgreenery.com/blog/2017/08/19/results-are-in-seizures-reduced-by-cbd-treatment/,http://godsgreenery.com/wp-content/uploads/sites/10/2017/08/Epilepsy-1500.jpg,Epilepsy-1500.jpg,/home/christiansforcbd/public_html/wp-content/uploads/sites/10/2017/08/Epilepsy-1500.jpg,1069,"Medical doctor drawing epilepsy on the virtual screen.","Medical doctor drawing epilepsy on the virtual screen.",,,,,,,,,,,"CBD Healing Info|CBD Healing News|CBD Stories of Healing",,publish,1,results-are-in-seizures-reduced-by-cbd-treatment,,0,0,open,20170819
1071,"John Millikin – A CBD Hero Story of overcoming injury","[advanced_iframe securitykey=""b6b676eecaf6ef560c340469f8477b7b26f83be6"" use_shortcode_attributes_only=""true"" src=""http://cbdtreatmentblog.com/2017/06/23/700/"" width=""100%"" height=""600"" id=""advanced_iframe"" add_css_class_iframe=""true"" onload_show_element_only=""#content"" resize_on_ajax_jquery=""false"" use_post_message=""true"" ]

&nbsp;",,20170819,post,http://godsgreenery.com/blog/2017/08/19/john-millikin-a-cbd-hero-story-of-overcoming-injury/,http://godsgreenery.com/wp-content/uploads/sites/10/2017/08/John-Millikin-960-900x450.jpg,John-Millikin-960-900x450.jpg,/home/christiansforcbd/public_html/wp-content/uploads/sites/10/2017/08/John-Millikin-960-900x450.jpg,1072,John-Millikin-960-900x450,,,,,,,,,,,,"CBD Stories of Healing",,publish,1,john-millikin-a-cbd-hero-story-of-overcoming-injury,,0,0,open,20170819
